Index,Permutaion,MAE,MSE,RMSE
0,"(3, 3, 3, 3, 3)",14.2815,330.0296,18.1667
1,"(3, 3, 3, 3, 6)",13.6642,315.0224,17.7489
2,"(3, 3, 3, 3, 10)",13.0677,270.0752,16.434
3,"(3, 3, 3, 3, 12)",12.4812,240.406,15.505
4,"(3, 3, 3, 6, 3)",13.5896,303.5448,17.4225
5,"(3, 3, 3, 6, 6)",13.209,289.806,17.0237
6,"(3, 3, 3, 6, 10)",12.1353,233.8496,15.2921
7,"(3, 3, 3, 6, 12)",12.5113,239.1128,15.4633
8,"(3, 3, 3, 10, 3)",12.2105,235.2481,15.3378
9,"(3, 3, 3, 10, 6)",12.1805,224.1053,14.9701
10,"(3, 3, 3, 10, 10)",11.0977,195.1729,13.9704
11,"(3, 3, 3, 10, 12)",11.4737,201.9098,14.2095
12,"(3, 3, 3, 12, 3)",12.0977,228.5038,15.1163
13,"(3, 3, 3, 12, 6)",12.1053,234.9925,15.3295
14,"(3, 3, 3, 12, 10)",10.7218,176.6917,13.2925
15,"(3, 3, 3, 12, 12)",11.0526,191.7444,13.8472
16,"(3, 3, 6, 3, 3)",14.2985,359.3433,18.9564
17,"(3, 3, 6, 3, 6)",13.9627,366.6045,19.1469
18,"(3, 3, 6, 3, 10)",13.1429,281.2331,16.77
19,"(3, 3, 6, 3, 12)",12.6241,258.9248,16.0911
20,"(3, 3, 6, 6, 3)",12.6493,279.1716,16.7084
21,"(3, 3, 6, 6, 6)",12.6194,280.1567,16.7379
22,"(3, 3, 6, 6, 10)",12.4737,248.3233,15.7583
23,"(3, 3, 6, 6, 12)",12.5263,235.7293,15.3535
24,"(3, 3, 6, 10, 3)",12.4211,247.4737,15.7313
25,"(3, 3, 6, 10, 6)",11.9774,222.7895,14.9261
26,"(3, 3, 6, 10, 10)",11.188,198.7519,14.0979
27,"(3, 3, 6, 10, 12)",11.3534,187.3233,13.6866
28,"(3, 3, 6, 12, 3)",12.4361,241.2782,15.5331
29,"(3, 3, 6, 12, 6)",12.188,233.0301,15.2653
30,"(3, 3, 6, 12, 10)",10.9474,183.0977,13.5314
31,"(3, 3, 6, 12, 12)",10.9549,186.7293,13.6649
32,"(3, 3, 10, 3, 3)",14.0752,317.9699,17.8317
33,"(3, 3, 10, 3, 6)",13.2256,295.6316,17.1939
34,"(3, 3, 10, 3, 10)",12.7143,268.6842,16.3916
35,"(3, 3, 10, 3, 12)",12.1429,238.218,15.4343
36,"(3, 3, 10, 6, 3)",12.985,269.5263,16.4173
37,"(3, 3, 10, 6, 6)",12.9774,268.8722,16.3973
38,"(3, 3, 10, 6, 10)",12.6917,271.4286,16.4751
39,"(3, 3, 10, 6, 12)",12.0977,228.4737,15.1153
40,"(3, 3, 10, 10, 3)",12.1504,242.4511,15.5708
41,"(3, 3, 10, 10, 6)",11.782,220.4887,14.8489
42,"(3, 3, 10, 10, 10)",11.1353,203.6917,14.2721
43,"(3, 3, 10, 10, 12)",11.3008,192.3835,13.8702
44,"(3, 3, 10, 12, 3)",11.7744,223.5188,14.9505
45,"(3, 3, 10, 12, 6)",11.6466,220.0677,14.8347
46,"(3, 3, 10, 12, 10)",10.782,177.7143,13.331
47,"(3, 3, 10, 12, 12)",10.7368,179.218,13.3872
48,"(3, 3, 12, 3, 3)",13.218,278.2105,16.6796
49,"(3, 3, 12, 3, 6)",12.9925,281.1278,16.7669
50,"(3, 3, 12, 3, 10)",12.2481,240.3534,15.5033
51,"(3, 3, 12, 3, 12)",12.4135,243.3609,15.6
52,"(3, 3, 12, 6, 3)",13.1053,278.203,16.6794
53,"(3, 3, 12, 6, 6)",12.9624,272.015,16.4929
54,"(3, 3, 12, 6, 10)",12.4286,244.9098,15.6496
55,"(3, 3, 12, 6, 12)",12.1504,234.0451,15.2985
56,"(3, 3, 12, 10, 3)",11.9323,227.9925,15.0994
57,"(3, 3, 12, 10, 6)",11.7218,220.0677,14.8347
58,"(3, 3, 12, 10, 10)",10.9774,188.1805,13.7179
59,"(3, 3, 12, 10, 12)",11.3233,193.3985,13.9068
60,"(3, 3, 12, 12, 3)",12.0376,231.4812,15.2145
61,"(3, 3, 12, 12, 6)",11.7143,218.2256,14.7725
62,"(3, 3, 12, 12, 10)",11.0977,184.1203,13.5691
63,"(3, 3, 12, 12, 12)",11.0075,185.3985,13.6161
64,"(3, 6, 3, 3, 3)",13.9254,308.3284,17.5593
65,"(3, 6, 3, 3, 6)",12.9552,294.4627,17.1599
66,"(3, 6, 3, 3, 10)",12.9474,262.3459,16.1971
67,"(3, 6, 3, 3, 12)",12.0526,224.4887,14.9829
68,"(3, 6, 3, 6, 3)",13.0672,289.0224,17.0007
69,"(3, 6, 3, 6, 6)",13.0224,290.6194,17.0476
70,"(3, 6, 3, 6, 10)",11.7068,217.797,14.7579
71,"(3, 6, 3, 6, 12)",12.3684,231.782,15.2244
72,"(3, 6, 3, 10, 3)",11.8346,225.9699,15.0323
73,"(3, 6, 3, 10, 6)",11.3759,200.2932,14.1525
74,"(3, 6, 3, 10, 10)",10.609,182.1128,13.4949
75,"(3, 6, 3, 10, 12)",11.1579,188.3308,13.7234
76,"(3, 6, 3, 12, 3)",11.8797,222.1353,14.9042
77,"(3, 6, 3, 12, 6)",11.3835,205.4586,14.3338
78,"(3, 6, 3, 12, 10)",10.7594,174.8947,13.2248
79,"(3, 6, 3, 12, 12)",10.9023,183.5188,13.5469
80,"(3, 6, 6, 3, 3)",14.1343,336.9552,18.3563
81,"(3, 6, 6, 3, 6)",13.291,311.2313,17.6418
82,"(3, 6, 6, 3, 10)",13.2406,286.5789,16.9286
83,"(3, 6, 6, 3, 12)",12.2105,232.7218,15.2552
84,"(3, 6, 6, 6, 3)",12.8881,285.1119,16.8853
85,"(3, 6, 6, 6, 6)",12.806,284.8507,16.8775
86,"(3, 6, 6, 6, 10)",11.9549,224.2857,14.9762
87,"(3, 6, 6, 6, 12)",12.0451,223.4887,14.9495
88,"(3, 6, 6, 10, 3)",11.782,227.8421,15.0944
89,"(3, 6, 6, 10, 6)",11.4135,204.6617,14.306
90,"(3, 6, 6, 10, 10)",10.6842,189.8271,13.7778
91,"(3, 6, 6, 10, 12)",10.9774,180.5714,13.4377
92,"(3, 6, 6, 12, 3)",11.8797,223.7594,14.9586
93,"(3, 6, 6, 12, 6)",11.3534,204.782,14.3102
94,"(3, 6, 6, 12, 10)",10.2406,161.6692,12.7149
95,"(3, 6, 6, 12, 12)",10.782,180.5865,13.4382
96,"(3, 6, 10, 3, 3)",13.9398,318.4361,17.8448
97,"(3, 6, 10, 3, 6)",13.1128,286.2707,16.9195
98,"(3, 6, 10, 3, 10)",12.8722,271.7744,16.4856
99,"(3, 6, 10, 3, 12)",12.0301,232.1805,15.2375
100,"(3, 6, 10, 6, 3)",12.797,260.2256,16.1315
101,"(3, 6, 10, 6, 6)",12.8346,268.5489,16.3875
102,"(3, 6, 10, 6, 10)",12.1053,251.3083,15.8527
103,"(3, 6, 10, 6, 12)",11.9248,234.3759,15.3093
104,"(3, 6, 10, 10, 3)",11.5263,220.3383,14.8438
105,"(3, 6, 10, 10, 6)",11.0301,198.0827,14.0742
106,"(3, 6, 10, 10, 10)",10.5113,180.8872,13.4494
107,"(3, 6, 10, 10, 12)",11.3083,190.3308,13.796
108,"(3, 6, 10, 12, 3)",11.6617,207.4962,14.4047
109,"(3, 6, 10, 12, 6)",11.0752,195.4211,13.9793
110,"(3, 6, 10, 12, 10)",10.1128,159.6767,12.6363
111,"(3, 6, 10, 12, 12)",10.6541,177.6015,13.3267
112,"(3, 6, 12, 3, 3)",13.5188,281.8346,16.7879
113,"(3, 6, 12, 3, 6)",12.9173,268.7368,16.3932
114,"(3, 6, 12, 3, 10)",12.4887,237.3308,15.4055
115,"(3, 6, 12, 3, 12)",12.3609,240.4361,15.506
116,"(3, 6, 12, 6, 3)",13.2105,265.1353,16.283
117,"(3, 6, 12, 6, 6)",12.5338,250.5789,15.8297
118,"(3, 6, 12, 6, 10)",12.2782,234.0075,15.2973
119,"(3, 6, 12, 6, 12)",12.0226,239.9173,15.4893
120,"(3, 6, 12, 10, 3)",11.9774,215.6767,14.6859
121,"(3, 6, 12, 10, 6)",11.7293,210.797,14.5188
122,"(3, 6, 12, 10, 10)",10.8195,177.5263,13.3239
123,"(3, 6, 12, 10, 12)",11.0075,186.1955,13.6453
124,"(3, 6, 12, 12, 3)",11.9398,221.8947,14.8961
125,"(3, 6, 12, 12, 6)",11.3308,202.6541,14.2357
126,"(3, 6, 12, 12, 10)",10.4962,166.9323,12.9202
127,"(3, 6, 12, 12, 12)",10.782,179.7293,13.4063
128,"(3, 10, 3, 3, 3)",13.3985,277.9248,16.6711
129,"(3, 10, 3, 3, 6)",12.6165,257.8346,16.0572
130,"(3, 10, 3, 3, 10)",12.5113,245.4286,15.6662
131,"(3, 10, 3, 3, 12)",11.7519,220.8797,14.862
132,"(3, 10, 3, 6, 3)",11.812,212.7143,14.5847
133,"(3, 10, 3, 6, 6)",11.609,211.5489,14.5447
134,"(3, 10, 3, 6, 10)",11.5338,208.1955,14.429
135,"(3, 10, 3, 6, 12)",11.9624,224.9699,14.999
136,"(3, 10, 3, 10, 3)",12.0,227.4286,15.0807
137,"(3, 10, 3, 10, 6)",11.4887,199.0677,14.1091
138,"(3, 10, 3, 10, 10)",10.8647,176.2331,13.2753
139,"(3, 10, 3, 10, 12)",11.1053,189.2105,13.7554
140,"(3, 10, 3, 12, 3)",11.5714,204.1128,14.2868
141,"(3, 10, 3, 12, 6)",11.1429,193.6391,13.9154
142,"(3, 10, 3, 12, 10)",10.0226,155.9173,12.4867
143,"(3, 10, 3, 12, 12)",10.4812,166.8271,12.9162
144,"(3, 10, 6, 3, 3)",14.1654,311.7143,17.6554
145,"(3, 10, 6, 3, 6)",13.2331,277.7143,16.6648
146,"(3, 10, 6, 3, 10)",13.2256,279.5113,16.7186
147,"(3, 10, 6, 3, 12)",11.7744,233.3383,15.2754
148,"(3, 10, 6, 6, 3)",11.8045,219.2331,14.8065
149,"(3, 10, 6, 6, 6)",12.203,227.7519,15.0915
150,"(3, 10, 6, 6, 10)",11.8195,219.4436,14.8136
151,"(3, 10, 6, 6, 12)",11.9925,214.4737,14.6449
152,"(3, 10, 6, 10, 3)",12.2105,231.9098,15.2286
153,"(3, 10, 6, 10, 6)",11.797,207.797,14.4152
154,"(3, 10, 6, 10, 10)",10.7744,183.0,13.5277
155,"(3, 10, 6, 10, 12)",10.8647,176.8496,13.2985
156,"(3, 10, 6, 12, 3)",11.203,193.3684,13.9057
157,"(3, 10, 6, 12, 6)",10.9023,184.797,13.594
158,"(3, 10, 6, 12, 10)",10.0602,154.3308,12.423
159,"(3, 10, 6, 12, 12)",10.6241,170.1579,13.0445
160,"(3, 10, 10, 3, 3)",13.6316,296.5338,17.2202
161,"(3, 10, 10, 3, 6)",12.9173,279.7895,16.7269
162,"(3, 10, 10, 3, 10)",12.594,253.0301,15.9069
163,"(3, 10, 10, 3, 12)",11.8496,243.2481,15.5964
164,"(3, 10, 10, 6, 3)",12.3459,248.8271,15.7743
165,"(3, 10, 10, 6, 6)",12.6165,251.7143,15.8655
166,"(3, 10, 10, 6, 10)",12.2932,247.0,15.7162
167,"(3, 10, 10, 6, 12)",11.812,222.218,14.907
168,"(3, 10, 10, 10, 3)",11.782,217.6316,14.7523
169,"(3, 10, 10, 10, 6)",11.2632,201.8647,14.2079
170,"(3, 10, 10, 10, 10)",10.5038,175.8872,13.2622
171,"(3, 10, 10, 10, 12)",10.5789,172.9398,13.1507
172,"(3, 10, 10, 12, 3)",11.1429,200.8872,14.1735
173,"(3, 10, 10, 12, 6)",10.5789,183.5263,13.5472
174,"(3, 10, 10, 12, 10)",9.6241,147.1729,12.1315
175,"(3, 10, 10, 12, 12)",9.9774,153.7218,12.3985
176,"(3, 10, 12, 3, 3)",13.015,286.6842,16.9318
177,"(3, 10, 12, 3, 6)",12.6992,268.4887,16.3856
178,"(3, 10, 12, 3, 10)",12.3233,244.985,15.652
179,"(3, 10, 12, 3, 12)",12.0602,229.6842,15.1553
180,"(3, 10, 12, 6, 3)",12.5113,263.0526,16.2189
181,"(3, 10, 12, 6, 6)",12.2331,251.5263,15.8596
182,"(3, 10, 12, 6, 10)",12.1203,234.6316,15.3177
183,"(3, 10, 12, 6, 12)",11.6842,214.3459,14.6406
184,"(3, 10, 12, 10, 3)",11.3383,202.4962,14.2301
185,"(3, 10, 12, 10, 6)",11.2256,195.4511,13.9804
186,"(3, 10, 12, 10, 10)",10.6767,174.7218,13.2182
187,"(3, 10, 12, 10, 12)",10.6692,177.9474,13.3397
188,"(3, 10, 12, 12, 3)",11.2481,201.2932,14.1878
189,"(3, 10, 12, 12, 6)",10.985,192.8346,13.8865
190,"(3, 10, 12, 12, 10)",9.9699,154.6165,12.4345
191,"(3, 10, 12, 12, 12)",10.406,165.8195,12.8771
192,"(3, 12, 3, 3, 3)",12.7368,276.782,16.6368
193,"(3, 12, 3, 3, 6)",12.2406,254.3308,15.9478
194,"(3, 12, 3, 3, 10)",11.218,211.7143,14.5504
195,"(3, 12, 3, 3, 12)",11.3308,217.0902,14.734
196,"(3, 12, 3, 6, 3)",12.3609,254.4662,15.952
197,"(3, 12, 3, 6, 6)",11.8045,236.9624,15.3936
198,"(3, 12, 3, 6, 10)",11.7143,214.4662,14.6447
199,"(3, 12, 3, 6, 12)",11.609,218.1654,14.7704
200,"(3, 12, 3, 10, 3)",11.6391,211.4737,14.5421
201,"(3, 12, 3, 10, 6)",10.7519,191.8947,13.8526
202,"(3, 12, 3, 10, 10)",10.0376,158.9549,12.6077
203,"(3, 12, 3, 10, 12)",10.2707,169.1429,13.0055
204,"(3, 12, 3, 12, 3)",11.1128,200.6165,14.1639
205,"(3, 12, 3, 12, 6)",11.0301,189.782,13.7761
206,"(3, 12, 3, 12, 10)",10.0602,156.5263,12.511
207,"(3, 12, 3, 12, 12)",10.2782,160.4887,12.6684
208,"(3, 12, 6, 3, 3)",13.2857,301.812,17.3727
209,"(3, 12, 6, 3, 6)",12.3534,253.1053,15.9093
210,"(3, 12, 6, 3, 10)",11.4511,220.7143,14.8565
211,"(3, 12, 6, 3, 12)",11.7218,231.5714,15.2175
212,"(3, 12, 6, 6, 3)",12.8647,257.2256,16.0383
213,"(3, 12, 6, 6, 6)",12.3008,239.5639,15.4779
214,"(3, 12, 6, 6, 10)",11.8496,212.0902,14.5633
215,"(3, 12, 6, 6, 12)",11.8872,214.0376,14.63
216,"(3, 12, 6, 10, 3)",11.4361,209.2556,14.4657
217,"(3, 12, 6, 10, 6)",10.8195,190.9098,13.817
218,"(3, 12, 6, 10, 10)",10.1353,163.8647,12.801
219,"(3, 12, 6, 10, 12)",10.4586,166.6692,12.91
220,"(3, 12, 6, 12, 3)",11.3008,204.2782,14.2926
221,"(3, 12, 6, 12, 6)",10.8271,185.9248,13.6354
222,"(3, 12, 6, 12, 10)",9.812,150.9398,12.2858
223,"(3, 12, 6, 12, 12)",10.1729,158.4737,12.5886
224,"(3, 12, 10, 3, 3)",12.9323,282.5414,16.809
225,"(3, 12, 10, 3, 6)",12.1053,243.1278,15.5926
226,"(3, 12, 10, 3, 10)",11.6165,224.6992,14.99
227,"(3, 12, 10, 3, 12)",11.7293,235.5038,15.3461
228,"(3, 12, 10, 6, 3)",12.5714,256.812,16.0254
229,"(3, 12, 10, 6, 6)",12.1429,245.6767,15.6741
230,"(3, 12, 10, 6, 10)",11.9323,224.2782,14.9759
231,"(3, 12, 10, 6, 12)",11.812,222.8797,14.9292
232,"(3, 12, 10, 10, 3)",11.0677,201.218,14.1851
233,"(3, 12, 10, 10, 6)",10.7444,187.0301,13.6759
234,"(3, 12, 10, 10, 10)",10.0226,161.2256,12.6975
235,"(3, 12, 10, 10, 12)",10.1729,162.5639,12.7501
236,"(3, 12, 10, 12, 3)",11.0301,194.0526,13.9303
237,"(3, 12, 10, 12, 6)",10.8421,187.0075,13.6751
238,"(3, 12, 10, 12, 10)",9.7293,151.0226,12.2891
239,"(3, 12, 10, 12, 12)",9.7744,151.0977,12.2922
240,"(3, 12, 12, 3, 3)",12.5038,266.8647,16.336
241,"(3, 12, 12, 3, 6)",12.5414,258.4361,16.0759
242,"(3, 12, 12, 3, 10)",11.6617,214.9549,14.6613
243,"(3, 12, 12, 3, 12)",11.8722,236.4436,15.3767
244,"(3, 12, 12, 6, 3)",12.3459,243.7444,15.6123
245,"(3, 12, 12, 6, 6)",12.1053,242.1955,15.5626
246,"(3, 12, 12, 6, 10)",11.9023,221.1955,14.8726
247,"(3, 12, 12, 6, 12)",11.6842,216.7218,14.7215
248,"(3, 12, 12, 10, 3)",11.5639,213.5188,14.6123
249,"(3, 12, 12, 10, 6)",10.8571,192.6767,13.8808
250,"(3, 12, 12, 10, 10)",10.4286,171.2406,13.0859
251,"(3, 12, 12, 10, 12)",10.3383,169.1955,13.0075
252,"(3, 12, 12, 12, 3)",10.7218,185.7895,13.6305
253,"(3, 12, 12, 12, 6)",10.7895,189.5564,13.7679
254,"(3, 12, 12, 12, 10)",9.9023,150.1729,12.2545
255,"(3, 12, 12, 12, 12)",10.0602,155.8947,12.4858
256,"(6, 3, 3, 3, 3)",13.8209,324.3284,18.0091
257,"(6, 3, 3, 3, 6)",13.5299,327.3507,18.0928
258,"(6, 3, 3, 3, 10)",12.2331,241.7218,15.5474
259,"(6, 3, 3, 3, 12)",11.7895,222.9624,14.9319
260,"(6, 3, 3, 6, 3)",13.0149,292.7612,17.1103
261,"(6, 3, 3, 6, 6)",13.1194,293.8507,17.1421
262,"(6, 3, 3, 6, 10)",12.2256,241.1729,15.5297
263,"(6, 3, 3, 6, 12)",11.7068,219.9173,14.8296
264,"(6, 3, 3, 10, 3)",12.1579,260.1278,16.1285
265,"(6, 3, 3, 10, 6)",12.0677,239.6466,15.4805
266,"(6, 3, 3, 10, 10)",11.2782,206.4812,14.3695
267,"(6, 3, 3, 10, 12)",10.8647,186.8647,13.6698
268,"(6, 3, 3, 12, 3)",11.3459,212.7744,14.5868
269,"(6, 3, 3, 12, 6)",11.406,212.5639,14.5796
270,"(6, 3, 3, 12, 10)",10.2105,170.1203,13.043
271,"(6, 3, 3, 12, 12)",10.7368,183.9098,13.5613
272,"(6, 3, 6, 3, 3)",13.9776,360.7687,18.9939
273,"(6, 3, 6, 3, 6)",13.6119,365.4478,19.1167
274,"(6, 3, 6, 3, 10)",12.4286,258.3835,16.0743
275,"(6, 3, 6, 3, 12)",11.6391,217.3985,14.7444
276,"(6, 3, 6, 6, 3)",12.8209,286.7463,16.9336
277,"(6, 3, 6, 6, 6)",12.5746,287.0224,16.9417
278,"(6, 3, 6, 6, 10)",12.1053,231.9398,15.2296
279,"(6, 3, 6, 6, 12)",12.0226,226.2481,15.0415
280,"(6, 3, 6, 10, 3)",12.3233,262.8947,16.214
281,"(6, 3, 6, 10, 6)",11.9398,235.188,15.3358
282,"(6, 3, 6, 10, 10)",11.2632,214.5113,14.6462
283,"(6, 3, 6, 10, 12)",11.0301,182.0075,13.491
284,"(6, 3, 6, 12, 3)",11.5789,214.391,14.6421
285,"(6, 3, 6, 12, 6)",10.8571,197.188,14.0424
286,"(6, 3, 6, 12, 10)",10.391,171.5188,13.0965
287,"(6, 3, 6, 12, 12)",10.6466,180.3158,13.4282
288,"(6, 3, 10, 3, 3)",13.0526,295.4887,17.1898
289,"(6, 3, 10, 3, 6)",12.6541,287.3158,16.9504
290,"(6, 3, 10, 3, 10)",12.203,257.1504,16.0359
291,"(6, 3, 10, 3, 12)",11.6617,217.5263,14.7488
292,"(6, 3, 10, 6, 3)",12.6992,271.7368,16.4844
293,"(6, 3, 10, 6, 6)",13.2105,293.3759,17.1282
294,"(6, 3, 10, 6, 10)",12.4737,251.4511,15.8572
295,"(6, 3, 10, 6, 12)",11.7519,221.4511,14.8812
296,"(6, 3, 10, 10, 3)",11.7143,238.5714,15.4458
297,"(6, 3, 10, 10, 6)",11.5338,221.0677,14.8683
298,"(6, 3, 10, 10, 10)",10.9624,202.1053,14.2164
299,"(6, 3, 10, 10, 12)",11.0451,184.7744,13.5932
300,"(6, 3, 10, 12, 3)",10.7594,191.5865,13.8415
301,"(6, 3, 10, 12, 6)",11.0,199.9925,14.1419
302,"(6, 3, 10, 12, 10)",10.3083,167.015,12.9234
303,"(6, 3, 10, 12, 12)",10.4286,169.797,13.0306
304,"(6, 3, 12, 3, 3)",12.4586,260.4436,16.1383
305,"(6, 3, 12, 3, 6)",12.7519,270.9774,16.4614
306,"(6, 3, 12, 3, 10)",11.5714,221.6165,14.8868
307,"(6, 3, 12, 3, 12)",11.6617,217.0602,14.733
308,"(6, 3, 12, 6, 3)",12.4436,262.6842,16.2075
309,"(6, 3, 12, 6, 6)",12.3985,260.2782,16.1331
310,"(6, 3, 12, 6, 10)",11.812,229.0451,15.1342
311,"(6, 3, 12, 6, 12)",11.5639,214.6466,14.6508
312,"(6, 3, 12, 10, 3)",11.1955,201.9323,14.2103
313,"(6, 3, 12, 10, 6)",11.1128,204.406,14.2971
314,"(6, 3, 12, 10, 10)",10.3534,168.8647,12.9948
315,"(6, 3, 12, 10, 12)",10.6917,173.9248,13.1881
316,"(6, 3, 12, 12, 3)",11.1955,200.5038,14.1599
317,"(6, 3, 12, 12, 6)",10.8722,197.7143,14.0611
318,"(6, 3, 12, 12, 10)",10.2632,168.8496,12.9942
319,"(6, 3, 12, 12, 12)",10.4286,168.8346,12.9936
320,"(6, 6, 3, 3, 3)",13.1791,294.8657,17.1717
321,"(6, 6, 3, 3, 6)",12.7761,285.8358,16.9067
322,"(6, 6, 3, 3, 10)",12.1805,233.1128,15.268
323,"(6, 6, 3, 3, 12)",11.3609,208.3233,14.4334
324,"(6, 6, 3, 6, 3)",13.2239,288.8806,16.9965
325,"(6, 6, 3, 6, 6)",13.1493,288.7015,16.9912
326,"(6, 6, 3, 6, 10)",11.4662,221.9774,14.8989
327,"(6, 6, 3, 6, 12)",11.4436,211.8947,14.5566
328,"(6, 6, 3, 10, 3)",11.7368,250.5789,15.8297
329,"(6, 6, 3, 10, 6)",11.406,219.1203,14.8027
330,"(6, 6, 3, 10, 10)",11.1128,199.4135,14.1214
331,"(6, 6, 3, 10, 12)",10.4887,172.8195,13.1461
332,"(6, 6, 3, 12, 3)",11.0902,198.4286,14.0865
333,"(6, 6, 3, 12, 6)",10.5263,184.2556,13.5741
334,"(6, 6, 3, 12, 10)",10.0226,160.2932,12.6607
335,"(6, 6, 3, 12, 12)",10.1579,169.4211,13.0162
336,"(6, 6, 6, 3, 3)",13.2164,318.9179,17.8583
337,"(6, 6, 6, 3, 6)",13.1418,312.2015,17.6692
338,"(6, 6, 6, 3, 10)",12.1128,245.5263,15.6693
339,"(6, 6, 6, 3, 12)",11.3609,208.985,14.4563
340,"(6, 6, 6, 6, 3)",12.6194,269.6045,16.4196
341,"(6, 6, 6, 6, 6)",12.6493,274.2612,16.5608
342,"(6, 6, 6, 6, 10)",11.9774,229.6316,15.1536
343,"(6, 6, 6, 6, 12)",11.6917,218.9248,14.7961
344,"(6, 6, 6, 10, 3)",11.7519,246.188,15.6904
345,"(6, 6, 6, 10, 6)",11.2556,213.4662,14.6105
346,"(6, 6, 6, 10, 10)",11.015,206.9098,14.3844
347,"(6, 6, 6, 10, 12)",10.6015,167.7744,12.9528
348,"(6, 6, 6, 12, 3)",10.9774,196.1654,14.0059
349,"(6, 6, 6, 12, 6)",10.3609,180.0602,13.4186
350,"(6, 6, 6, 12, 10)",9.9699,161.5338,12.7096
351,"(6, 6, 6, 12, 12)",10.2782,171.9023,13.1112
352,"(6, 6, 10, 3, 3)",12.8571,286.8271,16.936
353,"(6, 6, 10, 3, 6)",12.7594,284.8496,16.8775
354,"(6, 6, 10, 3, 10)",12.0075,243.5263,15.6053
355,"(6, 6, 10, 3, 12)",11.3383,203.7594,14.2744
356,"(6, 6, 10, 6, 3)",12.5338,264.2782,16.2566
357,"(6, 6, 10, 6, 6)",13.0451,283.3008,16.8315
358,"(6, 6, 10, 6, 10)",12.3835,253.3609,15.9173
359,"(6, 6, 10, 6, 12)",11.3158,213.8571,14.6239
360,"(6, 6, 10, 10, 3)",11.2632,222.7669,14.9254
361,"(6, 6, 10, 10, 6)",10.6767,199.9098,14.1389
362,"(6, 6, 10, 10, 10)",10.6692,186.7444,13.6654
363,"(6, 6, 10, 10, 12)",10.6165,169.5338,13.0205
364,"(6, 6, 10, 12, 3)",10.6316,179.6842,13.4046
365,"(6, 6, 10, 12, 6)",10.3083,175.0752,13.2316
366,"(6, 6, 10, 12, 10)",9.7218,153.8571,12.4039
367,"(6, 6, 10, 12, 12)",9.9173,155.3308,12.4632
368,"(6, 6, 12, 3, 3)",12.797,262.8571,16.2129
369,"(6, 6, 12, 3, 6)",12.3383,250.0827,15.814
370,"(6, 6, 12, 3, 10)",11.8947,224.015,14.9671
371,"(6, 6, 12, 3, 12)",11.7594,220.812,14.8597
372,"(6, 6, 12, 6, 3)",12.4511,249.4737,15.7947
373,"(6, 6, 12, 6, 6)",12.2105,249.6842,15.8014
374,"(6, 6, 12, 6, 10)",11.7143,221.7895,14.8926
375,"(6, 6, 12, 6, 12)",11.406,217.3008,14.7411
376,"(6, 6, 12, 10, 3)",11.015,190.2782,13.7941
377,"(6, 6, 12, 10, 6)",10.594,184.6241,13.5876
378,"(6, 6, 12, 10, 10)",10.2331,162.1429,12.7335
379,"(6, 6, 12, 10, 12)",10.2105,158.1955,12.5776
380,"(6, 6, 12, 12, 3)",11.0602,192.6842,13.8811
381,"(6, 6, 12, 12, 6)",10.4962,181.2481,13.4628
382,"(6, 6, 12, 12, 10)",10.0451,157.4286,12.5471
383,"(6, 6, 12, 12, 12)",9.9699,155.203,12.458
384,"(6, 10, 3, 3, 3)",12.6617,251.8947,15.8712
385,"(6, 10, 3, 3, 6)",12.1278,242.4887,15.572
386,"(6, 10, 3, 3, 10)",11.5714,212.8045,14.5878
387,"(6, 10, 3, 3, 12)",10.9398,202.0226,14.2135
388,"(6, 10, 3, 6, 3)",11.6541,211.218,14.5333
389,"(6, 10, 3, 6, 6)",11.6391,219.5489,14.8172
390,"(6, 10, 3, 6, 10)",11.6391,210.8722,14.5214
391,"(6, 10, 3, 6, 12)",11.6466,216.8346,14.7253
392,"(6, 10, 3, 10, 3)",11.9774,232.9398,15.2624
393,"(6, 10, 3, 10, 6)",11.6692,214.7068,14.6529
394,"(6, 10, 3, 10, 10)",10.812,184.2707,13.5746
395,"(6, 10, 3, 10, 12)",10.6842,178.4135,13.3572
396,"(6, 10, 3, 12, 3)",10.4812,175.8647,13.2614
397,"(6, 10, 3, 12, 6)",10.5714,180.7368,13.4438
398,"(6, 10, 3, 12, 10)",9.9173,156.0977,12.4939
399,"(6, 10, 3, 12, 12)",10.1654,160.0,12.6491
400,"(6, 10, 6, 3, 3)",13.3459,283.9173,16.8498
401,"(6, 10, 6, 3, 6)",12.4286,259.2406,16.101
402,"(6, 10, 6, 3, 10)",11.8045,232.0451,15.233
403,"(6, 10, 6, 3, 12)",11.4211,205.812,14.3462
404,"(6, 10, 6, 6, 3)",12.0451,224.7519,14.9917
405,"(6, 10, 6, 6, 6)",12.0752,230.406,15.1791
406,"(6, 10, 6, 6, 10)",12.0677,223.0602,14.9352
407,"(6, 10, 6, 6, 12)",11.797,212.3684,14.5729
408,"(6, 10, 6, 10, 3)",12.0075,238.7744,15.4523
409,"(6, 10, 6, 10, 6)",11.5639,213.0376,14.5958
410,"(6, 10, 6, 10, 10)",10.7444,187.8421,13.7056
411,"(6, 10, 6, 10, 12)",10.594,172.2481,13.1243
412,"(6, 10, 6, 12, 3)",10.782,178.4361,13.358
413,"(6, 10, 6, 12, 6)",10.406,171.2932,13.0879
414,"(6, 10, 6, 12, 10)",10.0226,154.5789,12.433
415,"(6, 10, 6, 12, 12)",10.3985,162.2932,12.7394
416,"(6, 10, 10, 3, 3)",13.015,282.5038,16.8078
417,"(6, 10, 10, 3, 6)",12.609,266.1729,16.3148
418,"(6, 10, 10, 3, 10)",11.9774,244.1579,15.6256
419,"(6, 10, 10, 3, 12)",11.3985,215.0226,14.6636
420,"(6, 10, 10, 6, 3)",12.4662,251.9699,15.8736
421,"(6, 10, 10, 6, 6)",12.5414,256.9925,16.031
422,"(6, 10, 10, 6, 10)",12.3383,244.9398,15.6506
423,"(6, 10, 10, 6, 12)",11.594,216.4662,14.7128
424,"(6, 10, 10, 10, 3)",11.4511,219.6015,14.819
425,"(6, 10, 10, 10, 6)",10.8872,195.0827,13.9672
426,"(6, 10, 10, 10, 10)",10.2707,171.9098,13.1114
427,"(6, 10, 10, 10, 12)",10.0677,158.4737,12.5886
428,"(6, 10, 10, 12, 3)",9.9624,159.9624,12.6476
429,"(6, 10, 10, 12, 6)",10.0376,161.6165,12.7128
430,"(6, 10, 10, 12, 10)",9.594,142.6617,11.9441
431,"(6, 10, 10, 12, 12)",9.6165,142.6692,11.9444
432,"(6, 10, 12, 3, 3)",12.3759,258.1955,16.0685
433,"(6, 10, 12, 3, 6)",12.3534,256.3534,16.011
434,"(6, 10, 12, 3, 10)",11.4436,214.9323,14.6606
435,"(6, 10, 12, 3, 12)",11.5263,216.3835,14.71
436,"(6, 10, 12, 6, 3)",11.9699,248.7519,15.7719
437,"(6, 10, 12, 6, 6)",12.1053,248.4361,15.7619
438,"(6, 10, 12, 6, 10)",11.9549,230.8722,15.1945
439,"(6, 10, 12, 6, 12)",11.4887,211.3684,14.5385
440,"(6, 10, 12, 10, 3)",10.7669,187.985,13.7108
441,"(6, 10, 12, 10, 6)",10.5414,186.8421,13.669
442,"(6, 10, 12, 10, 10)",10.1053,160.0602,12.6515
443,"(6, 10, 12, 10, 12)",10.6842,171.4211,13.0928
444,"(6, 10, 12, 12, 3)",10.4361,171.7444,13.1051
445,"(6, 10, 12, 12, 6)",10.2932,168.6541,12.9867
446,"(6, 10, 12, 12, 10)",9.7744,149.5038,12.2272
447,"(6, 10, 12, 12, 12)",9.812,148.609,12.1905
448,"(6, 12, 3, 3, 3)",11.797,243.2857,15.5976
449,"(6, 12, 3, 3, 6)",11.6165,239.6015,15.4791
450,"(6, 12, 3, 3, 10)",10.7594,199.7368,14.1328
451,"(6, 12, 3, 3, 12)",10.9098,196.4436,14.0158
452,"(6, 12, 3, 6, 3)",11.9023,228.6541,15.1213
453,"(6, 12, 3, 6, 6)",11.9925,239.5263,15.4766
454,"(6, 12, 3, 6, 10)",11.0226,201.6541,14.2005
455,"(6, 12, 3, 6, 12)",11.0827,204.4662,14.2992
456,"(6, 12, 3, 10, 3)",10.5714,181.4737,13.4712
457,"(6, 12, 3, 10, 6)",10.4812,188.6617,13.7354
458,"(6, 12, 3, 10, 10)",9.8271,158.7594,12.6
459,"(6, 12, 3, 10, 12)",10.1429,163.8872,12.8018
460,"(6, 12, 3, 12, 3)",10.5414,175.9699,13.2654
461,"(6, 12, 3, 12, 6)",10.6391,182.1128,13.4949
462,"(6, 12, 3, 12, 10)",9.5714,145.3759,12.0572
463,"(6, 12, 3, 12, 12)",9.9774,154.0526,12.4118
464,"(6, 12, 6, 3, 3)",12.2932,259.9474,16.1229
465,"(6, 12, 6, 3, 6)",12.0752,245.2632,15.6609
466,"(6, 12, 6, 3, 10)",10.9925,211.5639,14.5452
467,"(6, 12, 6, 3, 12)",11.2707,209.797,14.4844
468,"(6, 12, 6, 6, 3)",12.4135,244.6241,15.6405
469,"(6, 12, 6, 6, 6)",11.8571,232.6391,15.2525
470,"(6, 12, 6, 6, 10)",11.0602,200.6241,14.1642
471,"(6, 12, 6, 6, 12)",11.4211,206.5188,14.3708
472,"(6, 12, 6, 10, 3)",10.797,185.3233,13.6134
473,"(6, 12, 6, 10, 6)",10.5263,183.7293,13.5547
474,"(6, 12, 6, 10, 10)",9.9925,155.4211,12.4668
475,"(6, 12, 6, 10, 12)",10.406,163.0526,12.7692
476,"(6, 12, 6, 12, 3)",10.7669,180.782,13.4455
477,"(6, 12, 6, 12, 6)",10.1353,170.4662,13.0563
478,"(6, 12, 6, 12, 10)",9.7293,148.5564,12.1884
479,"(6, 12, 6, 12, 12)",9.985,154.0752,12.4127
480,"(6, 12, 10, 3, 3)",12.203,253.0752,15.9083
481,"(6, 12, 10, 3, 6)",11.985,236.8872,15.3911
482,"(6, 12, 10, 3, 10)",11.0902,200.2331,14.1504
483,"(6, 12, 10, 3, 12)",11.3008,215.2556,14.6716
484,"(6, 12, 10, 6, 3)",11.6992,234.4812,15.3128
485,"(6, 12, 10, 6, 6)",12.015,241.594,15.5433
486,"(6, 12, 10, 6, 10)",11.3759,212.6541,14.5827
487,"(6, 12, 10, 6, 12)",10.9098,195.3308,13.9761
488,"(6, 12, 10, 10, 3)",10.3759,175.9098,13.2631
489,"(6, 12, 10, 10, 6)",10.4361,176.1805,13.2733
490,"(6, 12, 10, 10, 10)",9.7895,152.6917,12.3568
491,"(6, 12, 10, 10, 12)",10.015,157.1128,12.5345
492,"(6, 12, 10, 12, 3)",10.4135,175.4812,13.2469
493,"(6, 12, 10, 12, 6)",10.218,171.4812,13.0951
494,"(6, 12, 10, 12, 10)",9.6466,147.6917,12.1528
495,"(6, 12, 10, 12, 12)",9.5789,142.9173,11.9548
496,"(6, 12, 12, 3, 3)",12.1729,247.4662,15.7311
497,"(6, 12, 12, 3, 6)",12.0677,239.5414,15.4771
498,"(6, 12, 12, 3, 10)",11.1504,205.812,14.3462
499,"(6, 12, 12, 3, 12)",11.3835,208.5414,14.441
500,"(6, 12, 12, 6, 3)",11.9023,233.8571,15.2924
501,"(6, 12, 12, 6, 6)",11.5865,230.5338,15.1833
502,"(6, 12, 12, 6, 10)",11.3759,213.7519,14.6203
503,"(6, 12, 12, 6, 12)",10.9323,202.3008,14.2232
504,"(6, 12, 12, 10, 3)",10.812,181.2632,13.4634
505,"(6, 12, 12, 10, 6)",10.6165,180.6617,13.441
506,"(6, 12, 12, 10, 10)",10.0602,159.4737,12.6283
507,"(6, 12, 12, 10, 12)",10.1128,161.7068,12.7164
508,"(6, 12, 12, 12, 3)",10.4436,174.4887,13.2094
509,"(6, 12, 12, 12, 6)",10.0977,169.406,13.0156
510,"(6, 12, 12, 12, 10)",9.6767,145.9925,12.0827
511,"(6, 12, 12, 12, 12)",9.5414,143.3609,11.9733
512,"(10, 3, 3, 3, 3)",13.3985,290.7669,17.0519
513,"(10, 3, 3, 3, 6)",12.812,269.5338,16.4175
514,"(10, 3, 3, 3, 10)",12.8647,264.203,16.2543
515,"(10, 3, 3, 3, 12)",11.7068,211.4812,14.5424
516,"(10, 3, 3, 6, 3)",12.6466,251.3534,15.8541
517,"(10, 3, 3, 6, 6)",12.0977,247.3308,15.7268
518,"(10, 3, 3, 6, 10)",12.2857,234.4962,15.3133
519,"(10, 3, 3, 6, 12)",11.7293,210.0752,14.494
520,"(10, 3, 3, 10, 3)",12.1955,251.3684,15.8546
521,"(10, 3, 3, 10, 6)",11.8647,227.9549,15.0982
522,"(10, 3, 3, 10, 10)",11.203,215.188,14.6693
523,"(10, 3, 3, 10, 12)",11.0526,190.1353,13.789
524,"(10, 3, 3, 12, 3)",11.3383,205.6692,14.3412
525,"(10, 3, 3, 12, 6)",10.7293,186.6992,13.6638
526,"(10, 3, 3, 12, 10)",10.4361,171.2481,13.0862
527,"(10, 3, 3, 12, 12)",10.3835,168.3534,12.9751
528,"(10, 3, 6, 3, 3)",13.5564,300.8045,17.3437
529,"(10, 3, 6, 3, 6)",12.9624,276.406,16.6255
530,"(10, 3, 6, 3, 10)",12.5564,260.1203,16.1282
531,"(10, 3, 6, 3, 12)",11.4586,203.6692,14.2713
532,"(10, 3, 6, 6, 3)",12.3158,248.6015,15.7671
533,"(10, 3, 6, 6, 6)",12.2857,257.1579,16.0361
534,"(10, 3, 6, 6, 10)",12.1654,233.9549,15.2956
535,"(10, 3, 6, 6, 12)",11.8722,212.2782,14.5698
536,"(10, 3, 6, 10, 3)",12.0827,251.7669,15.8672
537,"(10, 3, 6, 10, 6)",11.782,229.5714,15.1516
538,"(10, 3, 6, 10, 10)",11.4662,217.3609,14.7432
539,"(10, 3, 6, 10, 12)",10.6617,170.4662,13.0563
540,"(10, 3, 6, 12, 3)",11.0526,196.4361,14.0156
541,"(10, 3, 6, 12, 6)",10.6241,182.9549,13.5261
542,"(10, 3, 6, 12, 10)",10.1203,162.406,12.7439
543,"(10, 3, 6, 12, 12)",10.2857,164.391,12.8215
544,"(10, 3, 10, 3, 3)",14.1203,325.9098,18.053
545,"(10, 3, 10, 3, 6)",12.9699,281.2256,16.7698
546,"(10, 3, 10, 3, 10)",12.6767,260.8872,16.152
547,"(10, 3, 10, 3, 12)",11.5489,208.1654,14.4279
548,"(10, 3, 10, 6, 3)",13.3534,292.5865,17.1052
549,"(10, 3, 10, 6, 6)",13.2331,296.0902,17.2073
550,"(10, 3, 10, 6, 10)",12.7068,254.3609,15.9487
551,"(10, 3, 10, 6, 12)",12.0451,222.2406,14.9077
552,"(10, 3, 10, 10, 3)",11.8346,238.5564,15.4453
553,"(10, 3, 10, 10, 6)",11.5489,218.5414,14.7831
554,"(10, 3, 10, 10, 10)",11.3008,212.7594,14.5863
555,"(10, 3, 10, 10, 12)",10.9023,177.6842,13.3298
556,"(10, 3, 10, 12, 3)",10.5865,182.6767,13.5158
557,"(10, 3, 10, 12, 6)",10.6842,184.8496,13.5959
558,"(10, 3, 10, 12, 10)",10.3383,167.0752,12.9258
559,"(10, 3, 10, 12, 12)",10.0376,156.6391,12.5156
560,"(10, 3, 12, 3, 3)",12.391,249.5489,15.7971
561,"(10, 3, 12, 3, 6)",11.9098,234.1053,15.3005
562,"(10, 3, 12, 3, 10)",11.4211,205.3759,14.3309
563,"(10, 3, 12, 3, 12)",11.4887,204.2707,14.2923
564,"(10, 3, 12, 6, 3)",12.5263,256.1504,16.0047
565,"(10, 3, 12, 6, 6)",11.9699,234.8571,15.325
566,"(10, 3, 12, 6, 10)",11.6015,211.6617,14.5486
567,"(10, 3, 12, 6, 12)",11.4586,207.0677,14.3898
568,"(10, 3, 12, 10, 3)",11.0301,200.5639,14.1621
569,"(10, 3, 12, 10, 6)",11.1955,198.8647,14.1019
570,"(10, 3, 12, 10, 10)",10.5489,177.2406,13.3132
571,"(10, 3, 12, 10, 12)",10.5714,171.3985,13.0919
572,"(10, 3, 12, 12, 3)",10.9323,193.1729,13.8987
573,"(10, 3, 12, 12, 6)",10.8797,185.0301,13.6026
574,"(10, 3, 12, 12, 10)",10.3308,165.3985,12.8607
575,"(10, 3, 12, 12, 12)",10.2331,163.1955,12.7748
576,"(10, 6, 3, 3, 3)",12.6992,263.797,16.2418
577,"(10, 6, 3, 3, 6)",12.4887,261.6767,16.1764
578,"(10, 6, 3, 3, 10)",12.188,243.8872,15.6169
579,"(10, 6, 3, 3, 12)",11.4135,204.406,14.2971
580,"(10, 6, 3, 6, 3)",11.9925,236.0677,15.3645
581,"(10, 6, 3, 6, 6)",11.5338,235.4887,15.3456
582,"(10, 6, 3, 6, 10)",11.6241,218.7519,14.7903
583,"(10, 6, 3, 6, 12)",11.2632,196.7669,14.0274
584,"(10, 6, 3, 10, 3)",11.4135,230.6617,15.1875
585,"(10, 6, 3, 10, 6)",11.1729,210.4662,14.5075
586,"(10, 6, 3, 10, 10)",10.8496,201.782,14.205
587,"(10, 6, 3, 10, 12)",10.594,180.8045,13.4464
588,"(10, 6, 3, 12, 3)",10.7669,186.4962,13.6564
589,"(10, 6, 3, 12, 6)",10.1654,167.7293,12.951
590,"(10, 6, 3, 12, 10)",9.8346,156.4511,12.508
591,"(10, 6, 3, 12, 12)",9.9925,160.6391,12.6743
592,"(10, 6, 6, 3, 3)",12.9474,282.6617,16.8125
593,"(10, 6, 6, 3, 6)",12.4586,254.4135,15.9503
594,"(10, 6, 6, 3, 10)",12.2406,255.218,15.9755
595,"(10, 6, 6, 3, 12)",11.3459,199.2857,14.1169
596,"(10, 6, 6, 6, 3)",11.8797,235.218,15.3368
597,"(10, 6, 6, 6, 6)",11.797,231.015,15.1992
598,"(10, 6, 6, 6, 10)",11.7594,214.7519,14.6544
599,"(10, 6, 6, 6, 12)",11.1203,189.3609,13.7608
600,"(10, 6, 6, 10, 3)",11.5414,233.7218,15.288
601,"(10, 6, 6, 10, 6)",11.2632,212.1203,14.5644
602,"(10, 6, 6, 10, 10)",10.797,195.2632,13.9737
603,"(10, 6, 6, 10, 12)",10.1654,162.5865,12.7509
604,"(10, 6, 6, 12, 3)",10.6692,189.3158,13.7592
605,"(10, 6, 6, 12, 6)",10.0301,165.6541,12.8707
606,"(10, 6, 6, 12, 10)",9.6391,150.8571,12.2824
607,"(10, 6, 6, 12, 12)",9.6917,154.594,12.4336
608,"(10, 6, 10, 3, 3)",13.203,296.812,17.2282
609,"(10, 6, 10, 3, 6)",12.7895,276.3534,16.6239
610,"(10, 6, 10, 3, 10)",12.2632,261.1504,16.1601
611,"(10, 6, 10, 3, 12)",11.0526,191.4436,13.8363
612,"(10, 6, 10, 6, 3)",12.4962,258.5414,16.0792
613,"(10, 6, 10, 6, 6)",12.1353,249.0977,15.7828
614,"(10, 6, 10, 6, 10)",11.9173,234.0677,15.2993
615,"(10, 6, 10, 6, 12)",11.5338,212.6767,14.5834
616,"(10, 6, 10, 10, 3)",11.2632,220.797,14.8592
617,"(10, 6, 10, 10, 6)",11.0451,208.9699,14.4558
618,"(10, 6, 10, 10, 10)",10.9474,197.6842,14.06
619,"(10, 6, 10, 10, 12)",10.3158,160.9774,12.6877
620,"(10, 6, 10, 12, 3)",10.5564,179.3985,13.394
621,"(10, 6, 10, 12, 6)",10.4887,173.6617,13.1781
622,"(10, 6, 10, 12, 10)",9.9098,157.5038,12.5501
623,"(10, 6, 10, 12, 12)",9.6541,146.391,12.0992
624,"(10, 6, 12, 3, 3)",12.0451,233.0075,15.2646
625,"(10, 6, 12, 3, 6)",11.7293,217.8496,14.7597
626,"(10, 6, 12, 3, 10)",11.4511,204.6241,14.3047
627,"(10, 6, 12, 3, 12)",11.4812,206.3534,14.365
628,"(10, 6, 12, 6, 3)",12.3158,237.8496,15.4224
629,"(10, 6, 12, 6, 6)",11.7293,225.7895,15.0263
630,"(10, 6, 12, 6, 10)",11.1128,191.0075,13.8205
631,"(10, 6, 12, 6, 12)",10.9774,199.1278,14.1113
632,"(10, 6, 12, 10, 3)",10.8647,190.5338,13.8034
633,"(10, 6, 12, 10, 6)",10.4135,178.3534,13.3549
634,"(10, 6, 12, 10, 10)",10.2105,169.6541,13.0251
635,"(10, 6, 12, 10, 12)",10.1353,161.2632,12.6989
636,"(10, 6, 12, 12, 3)",10.7068,183.7594,13.5558
637,"(10, 6, 12, 12, 6)",10.1429,165.8722,12.8791
638,"(10, 6, 12, 12, 10)",10.2105,161.7895,12.7196
639,"(10, 6, 12, 12, 12)",9.9398,152.2556,12.3392
640,"(10, 10, 3, 3, 3)",12.6617,259.9098,16.1217
641,"(10, 10, 3, 3, 6)",11.8797,234.3609,15.3089
642,"(10, 10, 3, 3, 10)",11.4211,208.3083,14.4329
643,"(10, 10, 3, 3, 12)",10.6842,183.2406,13.5366
644,"(10, 10, 3, 6, 3)",11.594,213.7293,14.6195
645,"(10, 10, 3, 6, 6)",11.3835,209.7594,14.4831
646,"(10, 10, 3, 6, 10)",11.1654,193.0451,13.8941
647,"(10, 10, 3, 6, 12)",10.9699,187.7669,13.7028
648,"(10, 10, 3, 10, 3)",11.4286,218.6316,14.7862
649,"(10, 10, 3, 10, 6)",11.015,198.609,14.0929
650,"(10, 10, 3, 10, 10)",10.5639,184.3383,13.5771
651,"(10, 10, 3, 10, 12)",10.4962,171.8797,13.1103
652,"(10, 10, 3, 12, 3)",10.6391,176.8947,13.3002
653,"(10, 10, 3, 12, 6)",10.0602,161.6692,12.7149
654,"(10, 10, 3, 12, 10)",9.8797,153.4135,12.386
655,"(10, 10, 3, 12, 12)",10.203,159.0902,12.6131
656,"(10, 10, 6, 3, 3)",12.8496,284.0075,16.8525
657,"(10, 10, 6, 3, 6)",12.2782,249.1053,15.7831
658,"(10, 10, 6, 3, 10)",11.7218,221.8722,14.8954
659,"(10, 10, 6, 3, 12)",11.1429,200.0,14.1421
660,"(10, 10, 6, 6, 3)",11.8722,230.0376,15.167
661,"(10, 10, 6, 6, 6)",11.9624,232.9248,15.2619
662,"(10, 10, 6, 6, 10)",11.4436,203.3835,14.2613
663,"(10, 10, 6, 6, 12)",11.1128,188.6466,13.7349
664,"(10, 10, 6, 10, 3)",11.8496,234.8722,15.3255
665,"(10, 10, 6, 10, 6)",10.9098,201.0602,14.1796
666,"(10, 10, 6, 10, 10)",10.797,192.3609,13.8694
667,"(10, 10, 6, 10, 12)",10.2105,155.6842,12.4773
668,"(10, 10, 6, 12, 3)",10.609,175.8872,13.2622
669,"(10, 10, 6, 12, 6)",10.0075,157.3459,12.5438
670,"(10, 10, 6, 12, 10)",9.6617,145.5263,12.0634
671,"(10, 10, 6, 12, 12)",10.1203,153.3985,12.3854
672,"(10, 10, 10, 3, 3)",13.2256,283.4662,16.8365
673,"(10, 10, 10, 3, 6)",12.7143,269.4361,16.4145
674,"(10, 10, 10, 3, 10)",11.782,229.6767,15.1551
675,"(10, 10, 10, 3, 12)",10.8571,191.2782,13.8303
676,"(10, 10, 10, 6, 3)",12.6917,263.6692,16.2379
677,"(10, 10, 10, 6, 6)",12.5038,262.0827,16.189
678,"(10, 10, 10, 6, 10)",11.7895,221.0226,14.8668
679,"(10, 10, 10, 6, 12)",11.203,195.9398,13.9979
680,"(10, 10, 10, 10, 3)",11.5564,222.7293,14.9241
681,"(10, 10, 10, 10, 6)",10.8722,192.0301,13.8575
682,"(10, 10, 10, 10, 10)",10.6391,187.782,13.7034
683,"(10, 10, 10, 10, 12)",10.1429,158.218,12.5785
684,"(10, 10, 10, 12, 3)",10.1128,161.0301,12.6898
685,"(10, 10, 10, 12, 6)",10.0376,160.8797,12.6838
686,"(10, 10, 10, 12, 10)",9.6541,146.0451,12.0849
687,"(10, 10, 10, 12, 12)",9.7669,145.6917,12.0703
688,"(10, 10, 12, 3, 3)",11.5489,227.7744,15.0922
689,"(10, 10, 12, 3, 6)",11.609,224.6617,14.9887
690,"(10, 10, 12, 3, 10)",10.8647,189.1353,13.7526
691,"(10, 10, 12, 3, 12)",11.0677,195.9549,13.9984
692,"(10, 10, 12, 6, 3)",11.7068,228.7895,15.1258
693,"(10, 10, 12, 6, 6)",11.4586,220.2105,14.8395
694,"(10, 10, 12, 6, 10)",11.0902,193.1654,13.8984
695,"(10, 10, 12, 6, 12)",11.1203,198.5789,14.0918
696,"(10, 10, 12, 10, 3)",10.6015,178.5564,13.3625
697,"(10, 10, 12, 10, 6)",10.3008,172.4511,13.1321
698,"(10, 10, 12, 10, 10)",10.2932,168.0977,12.9653
699,"(10, 10, 12, 10, 12)",10.1955,157.3684,12.5447
700,"(10, 10, 12, 12, 3)",10.7519,175.6992,13.2552
701,"(10, 10, 12, 12, 6)",10.0677,160.3835,12.6643
702,"(10, 10, 12, 12, 10)",9.9323,150.188,12.2551
703,"(10, 10, 12, 12, 12)",10.0376,155.1504,12.4559
704,"(10, 12, 3, 3, 3)",11.5639,229.2632,15.1414
705,"(10, 12, 3, 3, 6)",10.8947,214.9098,14.6598
706,"(10, 12, 3, 3, 10)",10.6842,185.0602,13.6037
707,"(10, 12, 3, 3, 12)",10.8947,191.6316,13.8431
708,"(10, 12, 3, 6, 3)",11.3985,218.9474,14.7969
709,"(10, 12, 3, 6, 6)",11.2707,211.1053,14.5295
710,"(10, 12, 3, 6, 10)",10.9549,196.9549,14.0341
711,"(10, 12, 3, 6, 12)",10.7744,187.5414,13.6946
712,"(10, 12, 3, 10, 3)",10.4361,182.7068,13.5169
713,"(10, 12, 3, 10, 6)",10.1579,170.9098,13.0732
714,"(10, 12, 3, 10, 10)",9.797,158.1128,12.5743
715,"(10, 12, 3, 10, 12)",9.9248,157.4586,12.5483
716,"(10, 12, 3, 12, 3)",10.391,168.2857,12.9725
717,"(10, 12, 3, 12, 6)",10.0977,168.1128,12.9658
718,"(10, 12, 3, 12, 10)",9.6391,146.5564,12.106
719,"(10, 12, 3, 12, 12)",9.8797,149.188,12.2143
720,"(10, 12, 6, 3, 3)",12.2932,252.5188,15.8908
721,"(10, 12, 6, 3, 6)",11.4737,222.9023,14.9299
722,"(10, 12, 6, 3, 10)",10.8797,197.7218,14.0614
723,"(10, 12, 6, 3, 12)",11.0526,193.188,13.8992
724,"(10, 12, 6, 6, 3)",11.4887,212.1203,14.5644
725,"(10, 12, 6, 6, 6)",11.1654,207.015,14.388
726,"(10, 12, 6, 6, 10)",10.5038,178.5338,13.3617
727,"(10, 12, 6, 6, 12)",11.1429,191.4887,13.8379
728,"(10, 12, 6, 10, 3)",10.5639,180.3534,13.4296
729,"(10, 12, 6, 10, 6)",10.1278,172.0075,13.1152
730,"(10, 12, 6, 10, 10)",10.0677,161.9023,12.7241
731,"(10, 12, 6, 10, 12)",9.8195,150.5564,12.2701
732,"(10, 12, 6, 12, 3)",10.188,166.2632,12.8943
733,"(10, 12, 6, 12, 6)",9.9474,163.9925,12.806
734,"(10, 12, 6, 12, 10)",9.2932,140.2707,11.8436
735,"(10, 12, 6, 12, 12)",9.7669,149.7669,12.2379
736,"(10, 12, 10, 3, 3)",11.7594,231.6842,15.2212
737,"(10, 12, 10, 3, 6)",11.1504,208.9549,14.4553
738,"(10, 12, 10, 3, 10)",10.6992,184.2331,13.5732
739,"(10, 12, 10, 3, 12)",10.6015,186.1955,13.6453
740,"(10, 12, 10, 6, 3)",11.7143,231.0376,15.1999
741,"(10, 12, 10, 6, 6)",11.5263,223.1053,14.9367
742,"(10, 12, 10, 6, 10)",10.7218,187.7143,13.7009
743,"(10, 12, 10, 6, 12)",11.0301,193.4361,13.9081
744,"(10, 12, 10, 10, 3)",10.4511,170.9023,13.073
745,"(10, 12, 10, 10, 6)",10.4812,177.0226,13.305
746,"(10, 12, 10, 10, 10)",10.0,159.8947,12.6449
747,"(10, 12, 10, 10, 12)",9.8045,150.8271,12.2812
748,"(10, 12, 10, 12, 3)",10.0977,160.9549,12.6868
749,"(10, 12, 10, 12, 6)",10.1353,167.3684,12.9371
750,"(10, 12, 10, 12, 10)",9.5789,143.8797,11.995
751,"(10, 12, 10, 12, 12)",9.5414,140.9549,11.8724
752,"(10, 12, 12, 3, 3)",11.7068,221.5113,14.8833
753,"(10, 12, 12, 3, 6)",11.2556,214.6992,14.6526
754,"(10, 12, 12, 3, 10)",10.9098,194.0376,13.9297
755,"(10, 12, 12, 3, 12)",10.8496,188.8195,13.7412
756,"(10, 12, 12, 6, 3)",11.6466,228.1729,15.1054
757,"(10, 12, 12, 6, 6)",11.4135,218.812,14.7923
758,"(10, 12, 12, 6, 10)",10.5639,182.3534,13.5038
759,"(10, 12, 12, 6, 12)",10.6767,187.2932,13.6855
760,"(10, 12, 12, 10, 3)",10.7594,187.3609,13.688
761,"(10, 12, 12, 10, 6)",10.2556,175.3985,13.2438
762,"(10, 12, 12, 10, 10)",10.0526,162.3233,12.7406
763,"(10, 12, 12, 10, 12)",9.9023,156.594,12.5138
764,"(10, 12, 12, 12, 3)",10.3459,164.0301,12.8074
765,"(10, 12, 12, 12, 6)",10.015,159.7293,12.6384
766,"(10, 12, 12, 12, 10)",9.6992,143.9699,11.9987
767,"(10, 12, 12, 12, 12)",9.6692,144.9624,12.04
768,"(12, 3, 3, 3, 3)",13.1278,279.594,16.7211
769,"(12, 3, 3, 3, 6)",12.2105,255.6842,15.9901
770,"(12, 3, 3, 3, 10)",11.812,228.7143,15.1233
771,"(12, 3, 3, 3, 12)",11.3383,210.7218,14.5163
772,"(12, 3, 3, 6, 3)",12.4361,253.0526,15.9076
773,"(12, 3, 3, 6, 6)",12.1805,239.2782,15.4686
774,"(12, 3, 3, 6, 10)",11.782,218.6692,14.7875
775,"(12, 3, 3, 6, 12)",11.782,215.1203,14.667
776,"(12, 3, 3, 10, 3)",11.4211,213.3759,14.6074
777,"(12, 3, 3, 10, 6)",11.4737,210.1353,14.496
778,"(12, 3, 3, 10, 10)",10.8271,186.812,13.6679
779,"(12, 3, 3, 10, 12)",11.1805,195.0902,13.9675
780,"(12, 3, 3, 12, 3)",10.8421,203.9398,14.2808
781,"(12, 3, 3, 12, 6)",10.7669,194.3308,13.9403
782,"(12, 3, 3, 12, 10)",10.2556,175.0677,13.2313
783,"(12, 3, 3, 12, 12)",10.1579,167.7669,12.9525
784,"(12, 3, 6, 3, 3)",13.2256,284.6241,16.8708
785,"(12, 3, 6, 3, 6)",11.8797,245.985,15.6839
786,"(12, 3, 6, 3, 10)",11.7444,222.6316,14.9208
787,"(12, 3, 6, 3, 12)",11.9774,227.7368,15.091
788,"(12, 3, 6, 6, 3)",12.4887,253.9925,15.9371
789,"(12, 3, 6, 6, 6)",11.8271,229.1053,15.1362
790,"(12, 3, 6, 6, 10)",11.7368,205.9774,14.3519
791,"(12, 3, 6, 6, 12)",12.0602,216.4962,14.7138
792,"(12, 3, 6, 10, 3)",11.2707,206.6241,14.3744
793,"(12, 3, 6, 10, 6)",11.391,205.7368,14.3435
794,"(12, 3, 6, 10, 10)",10.8722,186.6767,13.663
795,"(12, 3, 6, 10, 12)",10.9098,181.8722,13.486
796,"(12, 3, 6, 12, 3)",10.9098,203.6617,14.271
797,"(12, 3, 6, 12, 6)",10.4436,182.1128,13.4949
798,"(12, 3, 6, 12, 10)",10.0677,166.6842,12.9106
799,"(12, 3, 6, 12, 12)",10.3684,165.7669,12.8751
800,"(12, 3, 10, 3, 3)",12.6391,271.7519,16.4849
801,"(12, 3, 10, 3, 6)",12.0602,248.0451,15.7494
802,"(12, 3, 10, 3, 10)",12.1353,234.4211,15.3108
803,"(12, 3, 10, 3, 12)",11.9774,221.2556,14.8747
804,"(12, 3, 10, 6, 3)",12.6316,262.1203,16.1901
805,"(12, 3, 10, 6, 6)",12.3158,253.4286,15.9194
806,"(12, 3, 10, 6, 10)",11.9624,223.9774,14.9659
807,"(12, 3, 10, 6, 12)",12.0902,225.0376,15.0013
808,"(12, 3, 10, 10, 3)",10.9624,195.0526,13.9661
809,"(12, 3, 10, 10, 6)",11.4436,204.3308,14.2944
810,"(12, 3, 10, 10, 10)",11.0226,188.5414,13.731
811,"(12, 3, 10, 10, 12)",11.3534,192.7218,13.8824
812,"(12, 3, 10, 12, 3)",10.9774,201.0827,14.1804
813,"(12, 3, 10, 12, 6)",10.6692,185.4361,13.6175
814,"(12, 3, 10, 12, 10)",10.391,171.594,13.0994
815,"(12, 3, 10, 12, 12)",10.3008,165.0827,12.8485
816,"(12, 3, 12, 3, 3)",12.4286,256.8045,16.0251
817,"(12, 3, 12, 3, 6)",11.8722,241.9173,15.5537
818,"(12, 3, 12, 3, 10)",11.7519,218.9398,14.7966
819,"(12, 3, 12, 3, 12)",11.6391,211.609,14.5468
820,"(12, 3, 12, 6, 3)",12.5338,253.3008,15.9154
821,"(12, 3, 12, 6, 6)",12.1579,244.0376,15.6217
822,"(12, 3, 12, 6, 10)",11.594,208.9323,14.4545
823,"(12, 3, 12, 6, 12)",11.8195,221.6391,14.8875
824,"(12, 3, 12, 10, 3)",11.0677,201.2632,14.1867
825,"(12, 3, 12, 10, 6)",11.2256,204.3233,14.2942
826,"(12, 3, 12, 10, 10)",10.6617,181.3383,13.4662
827,"(12, 3, 12, 10, 12)",11.3008,193.3308,13.9043
828,"(12, 3, 12, 12, 3)",10.6767,196.4361,14.0156
829,"(12, 3, 12, 12, 6)",10.4436,186.9549,13.6731
830,"(12, 3, 12, 12, 10)",10.2632,169.8722,13.0335
831,"(12, 3, 12, 12, 12)",10.3233,165.3609,12.8593
832,"(12, 6, 3, 3, 3)",12.4887,255.406,15.9814
833,"(12, 6, 3, 3, 6)",12.0602,238.8722,15.4555
834,"(12, 6, 3, 3, 10)",11.609,216.6015,14.7174
835,"(12, 6, 3, 3, 12)",11.3158,206.4436,14.3681
836,"(12, 6, 3, 6, 3)",12.0075,229.797,15.1591
837,"(12, 6, 3, 6, 6)",11.7368,226.7293,15.0575
838,"(12, 6, 3, 6, 10)",11.5113,203.2556,14.2568
839,"(12, 6, 3, 6, 12)",11.6015,208.2932,14.4324
840,"(12, 6, 3, 10, 3)",10.6842,190.4737,13.8012
841,"(12, 6, 3, 10, 6)",11.1353,197.5263,14.0544
842,"(12, 6, 3, 10, 10)",10.391,174.4511,13.208
843,"(12, 6, 3, 10, 12)",10.7744,188.1278,13.716
844,"(12, 6, 3, 12, 3)",10.6241,193.1353,13.8973
845,"(12, 6, 3, 12, 6)",10.3835,181.3158,13.4654
846,"(12, 6, 3, 12, 10)",9.9098,161.3233,12.7013
847,"(12, 6, 3, 12, 12)",9.985,162.6466,12.7533
848,"(12, 6, 6, 3, 3)",12.6992,267.5865,16.3581
849,"(12, 6, 6, 3, 6)",12.0526,237.2556,15.4031
850,"(12, 6, 6, 3, 10)",11.6617,217.406,14.7447
851,"(12, 6, 6, 3, 12)",11.0226,194.0301,13.9295
852,"(12, 6, 6, 6, 3)",11.9624,230.9098,15.1957
853,"(12, 6, 6, 6, 6)",11.4211,216.9248,14.7284
854,"(12, 6, 6, 6, 10)",11.391,198.3083,14.0822
855,"(12, 6, 6, 6, 12)",11.2782,196.6617,14.0236
856,"(12, 6, 6, 10, 3)",10.7368,190.5714,13.8048
857,"(12, 6, 6, 10, 6)",10.8195,188.5639,13.7319
858,"(12, 6, 6, 10, 10)",10.2256,170.1203,13.043
859,"(12, 6, 6, 10, 12)",10.6617,180.6767,13.4416
860,"(12, 6, 6, 12, 3)",10.5714,189.9098,13.7808
861,"(12, 6, 6, 12, 6)",10.2857,171.8947,13.1109
862,"(12, 6, 6, 12, 10)",9.7895,159.4436,12.6271
863,"(12, 6, 6, 12, 12)",9.9549,159.9549,12.6473
864,"(12, 6, 10, 3, 3)",12.391,247.985,15.7475
865,"(12, 6, 10, 3, 6)",12.3609,245.1579,15.6575
866,"(12, 6, 10, 3, 10)",12.2707,234.1955,15.3034
867,"(12, 6, 10, 3, 12)",11.6767,216.203,14.7038
868,"(12, 6, 10, 6, 3)",12.3083,246.203,15.6909
869,"(12, 6, 10, 6, 6)",12.0075,242.1579,15.5614
870,"(12, 6, 10, 6, 10)",11.8271,219.9323,14.8301
871,"(12, 6, 10, 6, 12)",11.6617,221.2707,14.8752
872,"(12, 6, 10, 10, 3)",10.7744,186.203,13.6456
873,"(12, 6, 10, 10, 6)",10.8571,191.0677,13.8227
874,"(12, 6, 10, 10, 10)",10.609,180.2932,13.4273
875,"(12, 6, 10, 10, 12)",10.7068,177.2632,13.314
876,"(12, 6, 10, 12, 3)",10.4962,185.5789,13.6227
877,"(12, 6, 10, 12, 6)",10.3759,177.8346,13.3355
878,"(12, 6, 10, 12, 10)",10.1955,164.391,12.8215
879,"(12, 6, 10, 12, 12)",10.1128,161.0301,12.6898
880,"(12, 6, 12, 3, 3)",12.4962,253.5338,15.9227
881,"(12, 6, 12, 3, 6)",11.8571,230.1579,15.171
882,"(12, 6, 12, 3, 10)",11.9173,222.5038,14.9166
883,"(12, 6, 12, 3, 12)",11.6541,208.3459,14.4342
884,"(12, 6, 12, 6, 3)",11.8872,229.782,15.1586
885,"(12, 6, 12, 6, 6)",11.7143,223.0376,14.9344
886,"(12, 6, 12, 6, 10)",11.4211,201.2105,14.1849
887,"(12, 6, 12, 6, 12)",11.5038,210.8421,14.5204
888,"(12, 6, 12, 10, 3)",10.782,187.3233,13.6866
889,"(12, 6, 12, 10, 6)",10.6466,184.6466,13.5885
890,"(12, 6, 12, 10, 10)",10.6617,184.3008,13.5757
891,"(12, 6, 12, 10, 12)",10.9098,185.9774,13.6374
892,"(12, 6, 12, 12, 3)",10.6466,191.6992,13.8455
893,"(12, 6, 12, 12, 6)",10.5263,183.1729,13.5341
894,"(12, 6, 12, 12, 10)",10.0602,164.7519,12.8356
895,"(12, 6, 12, 12, 12)",10.0827,162.3684,12.7424
896,"(12, 10, 3, 3, 3)",12.0752,245.3383,15.6633
897,"(12, 10, 3, 3, 6)",11.3534,226.0752,15.0358
898,"(12, 10, 3, 3, 10)",10.8271,201.0977,14.1809
899,"(12, 10, 3, 3, 12)",10.6165,190.4812,13.8015
900,"(12, 10, 3, 6, 3)",11.797,234.1278,15.3012
901,"(12, 10, 3, 6, 6)",11.4887,222.5564,14.9183
902,"(12, 10, 3, 6, 10)",11.2632,202.5714,14.2328
903,"(12, 10, 3, 6, 12)",11.6617,206.7293,14.3781
904,"(12, 10, 3, 10, 3)",10.8797,195.0902,13.9675
905,"(12, 10, 3, 10, 6)",10.9774,198.8722,14.1022
906,"(12, 10, 3, 10, 10)",10.5188,179.1053,13.383
907,"(12, 10, 3, 10, 12)",10.609,177.5113,13.3233
908,"(12, 10, 3, 12, 3)",10.4887,180.0977,13.4201
909,"(12, 10, 3, 12, 6)",10.1353,170.6316,13.0626
910,"(12, 10, 3, 12, 10)",9.9323,162.3534,12.7418
911,"(12, 10, 3, 12, 12)",9.8947,156.5865,12.5135
912,"(12, 10, 6, 3, 3)",12.4812,263.6992,16.2388
913,"(12, 10, 6, 3, 6)",11.6842,237.0827,15.3975
914,"(12, 10, 6, 3, 10)",11.4361,215.406,14.6767
915,"(12, 10, 6, 3, 12)",11.1729,212.1353,14.5649
916,"(12, 10, 6, 6, 3)",11.8722,229.6466,15.1541
917,"(12, 10, 6, 6, 6)",11.1579,211.0677,14.5282
918,"(12, 10, 6, 6, 10)",11.0376,192.2406,13.8651
919,"(12, 10, 6, 6, 12)",11.5038,199.4737,14.1235
920,"(12, 10, 6, 10, 3)",10.8496,187.797,13.7039
921,"(12, 10, 6, 10, 6)",10.6992,187.7068,13.7006
922,"(12, 10, 6, 10, 10)",10.3083,173.0,13.1529
923,"(12, 10, 6, 10, 12)",10.5188,168.2331,12.9705
924,"(12, 10, 6, 12, 3)",10.3759,175.5188,13.2484
925,"(12, 10, 6, 12, 6)",9.9774,160.0376,12.6506
926,"(12, 10, 6, 12, 10)",9.7293,148.5263,12.1871
927,"(12, 10, 6, 12, 12)",9.8571,154.4135,12.4263
928,"(12, 10, 10, 3, 3)",12.1429,254.2782,15.9461
929,"(12, 10, 10, 3, 6)",11.6842,234.8421,15.3246
930,"(12, 10, 10, 3, 10)",11.218,209.6842,14.4805
931,"(12, 10, 10, 3, 12)",11.2782,205.6692,14.3412
932,"(12, 10, 10, 6, 3)",11.8421,241.9023,15.5532
933,"(12, 10, 10, 6, 6)",11.5865,235.6617,15.3513
934,"(12, 10, 10, 6, 10)",11.5414,217.9925,14.7646
935,"(12, 10, 10, 6, 12)",11.6241,211.5789,14.5458
936,"(12, 10, 10, 10, 3)",10.5865,178.0451,13.3434
937,"(12, 10, 10, 10, 6)",10.5639,176.3083,13.2781
938,"(12, 10, 10, 10, 10)",10.3158,168.2406,12.9708
939,"(12, 10, 10, 10, 12)",10.4662,164.0602,12.8086
940,"(12, 10, 10, 12, 3)",10.1955,171.9699,13.1137
941,"(12, 10, 10, 12, 6)",9.8271,161.1654,12.6951
942,"(12, 10, 10, 12, 10)",9.6992,151.218,12.2971
943,"(12, 10, 10, 12, 12)",9.7143,149.985,12.2468
944,"(12, 10, 12, 3, 3)",11.7744,234.9925,15.3295
945,"(12, 10, 12, 3, 6)",11.5113,221.6015,14.8863
946,"(12, 10, 12, 3, 10)",11.3083,205.4436,14.3333
947,"(12, 10, 12, 3, 12)",11.1504,196.5789,14.0207
948,"(12, 10, 12, 6, 3)",11.812,233.391,15.2771
949,"(12, 10, 12, 6, 6)",11.406,225.391,15.013
950,"(12, 10, 12, 6, 10)",11.2256,203.782,14.2752
951,"(12, 10, 12, 6, 12)",11.188,199.5789,14.1272
952,"(12, 10, 12, 10, 3)",10.812,185.5789,13.6227
953,"(12, 10, 12, 10, 6)",10.6391,185.3308,13.6136
954,"(12, 10, 12, 10, 10)",10.2331,165.7519,12.8745
955,"(12, 10, 12, 10, 12)",10.6165,171.6692,13.1023
956,"(12, 10, 12, 12, 3)",10.5564,183.5789,13.5491
957,"(12, 10, 12, 12, 6)",10.1504,169.5188,13.0199
958,"(12, 10, 12, 12, 10)",9.9774,156.218,12.4987
959,"(12, 10, 12, 12, 12)",10.1053,161.5789,12.7114
960,"(12, 12, 3, 3, 3)",12.1504,247.4286,15.7299
961,"(12, 12, 3, 3, 6)",11.2707,225.5263,15.0175
962,"(12, 12, 3, 3, 10)",11.0075,202.391,14.2264
963,"(12, 12, 3, 3, 12)",10.5038,185.0,13.6015
964,"(12, 12, 3, 6, 3)",11.6391,220.3008,14.8425
965,"(12, 12, 3, 6, 6)",11.1805,207.3308,14.399
966,"(12, 12, 3, 6, 10)",10.9323,194.3008,13.9392
967,"(12, 12, 3, 6, 12)",11.0226,191.985,13.8559
968,"(12, 12, 3, 10, 3)",10.3233,181.6917,13.4793
969,"(12, 12, 3, 10, 6)",10.6015,188.4812,13.7288
970,"(12, 12, 3, 10, 10)",10.015,165.5789,12.8677
971,"(12, 12, 3, 10, 12)",10.3158,173.7594,13.1818
972,"(12, 12, 3, 12, 3)",10.1353,174.3008,13.2023
973,"(12, 12, 3, 12, 6)",10.0451,167.7895,12.9534
974,"(12, 12, 3, 12, 10)",9.797,155.015,12.4505
975,"(12, 12, 3, 12, 12)",9.7895,152.8571,12.3635
976,"(12, 12, 6, 3, 3)",12.1579,250.8195,15.8373
977,"(12, 12, 6, 3, 6)",11.4361,232.0376,15.2328
978,"(12, 12, 6, 3, 10)",10.8797,196.6842,14.0244
979,"(12, 12, 6, 3, 12)",10.9549,200.1429,14.1472
980,"(12, 12, 6, 6, 3)",11.6466,222.3684,14.912
981,"(12, 12, 6, 6, 6)",11.3684,212.9474,14.5927
982,"(12, 12, 6, 6, 10)",10.8271,182.9774,13.5269
983,"(12, 12, 6, 6, 12)",11.0075,184.9173,13.5984
984,"(12, 12, 6, 10, 3)",10.7293,186.8496,13.6693
985,"(12, 12, 6, 10, 6)",10.3684,173.391,13.1678
986,"(12, 12, 6, 10, 10)",9.9323,163.5865,12.7901
987,"(12, 12, 6, 10, 12)",10.188,164.1729,12.813
988,"(12, 12, 6, 12, 3)",10.1579,177.4211,13.3199
989,"(12, 12, 6, 12, 6)",9.8647,159.188,12.617
990,"(12, 12, 6, 12, 10)",9.5113,147.8872,12.1609
991,"(12, 12, 6, 12, 12)",9.7744,149.8045,12.2395
992,"(12, 12, 10, 3, 3)",11.985,245.6992,15.6748
993,"(12, 12, 10, 3, 6)",11.9398,237.2782,15.4038
994,"(12, 12, 10, 3, 10)",11.5865,207.2707,14.3969
995,"(12, 12, 10, 3, 12)",11.1429,201.0677,14.1798
996,"(12, 12, 10, 6, 3)",11.5263,226.9098,15.0635
997,"(12, 12, 10, 6, 6)",11.5263,223.0902,14.9362
998,"(12, 12, 10, 6, 10)",11.1729,197.8947,14.0675
999,"(12, 12, 10, 6, 12)",11.406,200.9699,14.1764
1000,"(12, 12, 10, 10, 3)",10.3759,171.6241,13.1005
1001,"(12, 12, 10, 10, 6)",10.3383,172.3684,13.1289
1002,"(12, 12, 10, 10, 10)",10.0977,164.2481,12.8159
1003,"(12, 12, 10, 10, 12)",10.3233,162.985,12.7666
1004,"(12, 12, 10, 12, 3)",10.1654,169.7444,13.0286
1005,"(12, 12, 10, 12, 6)",9.8571,158.5038,12.5898
1006,"(12, 12, 10, 12, 10)",9.6917,146.0827,12.0865
1007,"(12, 12, 10, 12, 12)",9.6316,147.4361,12.1423
1008,"(12, 12, 12, 3, 3)",11.8271,237.7669,15.4197
1009,"(12, 12, 12, 3, 6)",11.2782,217.6541,14.7531
1010,"(12, 12, 12, 3, 10)",11.1654,197.1053,14.0394
1011,"(12, 12, 12, 3, 12)",11.188,200.8872,14.1735
1012,"(12, 12, 12, 6, 3)",11.188,213.6391,14.6164
1013,"(12, 12, 12, 6, 6)",11.2782,213.3985,14.6082
1014,"(12, 12, 12, 6, 10)",10.7444,179.4812,13.3971
1015,"(12, 12, 12, 6, 12)",11.2632,194.9624,13.9629
1016,"(12, 12, 12, 10, 3)",10.6466,184.7519,13.5923
1017,"(12, 12, 12, 10, 6)",10.5489,180.0827,13.4195
1018,"(12, 12, 12, 10, 10)",10.2556,168.8571,12.9945
1019,"(12, 12, 12, 10, 12)",10.4737,169.0,13.0
1020,"(12, 12, 12, 12, 3)",10.0075,168.7744,12.9913
1021,"(12, 12, 12, 12, 6)",9.9549,165.6992,12.8724
1022,"(12, 12, 12, 12, 10)",9.6767,148.4135,12.1825
1023,"(12, 12, 12, 12, 12)",9.7368,150.0977,12.2514
