sl_WindSpeed,m_WindSpeed,std_WindSpeed,sl_WindDirection,m_WindDirection,std_WindDirection,sl_Temperature,m_Temperature,std_Temperature,sl_RelativeHumindity,m_RelativeHumindity,std_RelativeHumindity,sl_BarometricPressure,m_BarometricPressure,std_BarometricPressure,PM2.5(ug/m3)
27.971,0.4408,0.1667,-0.0202,145.5442,133.7574,0.5308,26.1492,4.9812,-0.2349,48.6408,13.2515,-1.0616,732.9225,1.1854,58
3.4751,0.4883,0.2097,-0.0271,163.0742,132.5145,-0.0778,27.2758,5.9609,-0.0028,46.1008,15.6524,-1.1519,733.0083,1.1583,73
-20.1197,0.5592,0.3306,-0.0394,184.8442,127.4499,-0.6894,28.5967,6.8049,0.2229,42.8183,17.4049,1.2403,733.0358,1.1327,88
-22.8871,0.5625,0.3313,-0.0413,203.0867,117.3541,-1.0795,29.9758,7.3765,0.3772,39.7508,18.739,6.1536,732.9933,1.1941,93
-26.369,0.5983,0.3361,-0.0274,219.3,103.0723,-1.2996,31.465,7.5884,0.4658,36.3025,19.5101,9.9407,732.9042,1.3327,101
-28.879,0.6475,0.3393,0.0138,227.0175,94.3744,-1.4417,32.9792,7.3765,0.5201,32.3442,19.08,11.4198,732.77,1.5112,108
-35.1613,0.7083,0.3406,0.0278,210.2492,88.5088,-1.8772,34.38,6.6632,0.6817,28.5867,17.5024,11.7482,732.5883,1.685,108
-41.7228,0.7908,0.3271,0.0857,216.2133,80.9365,-2.3176,35.5233,5.392,0.9064,25.1017,13.9086,11.8652,732.38,1.7852,108
-44.8221,0.8325,0.2904,0.0953,199.7567,72.6099,-2.8779,36.3475,3.9919,1.5016,22.2292,9.2282,12.1775,732.1667,1.7736,111
-40.5324,0.8658,0.2471,0.3192,211.7125,52.89,-1.4904,36.5792,3.5291,1.3958,21.1017,6.9313,12.627,731.9525,1.6529,112
-26.235,0.8925,0.2222,0.3054,200.9142,46.6879,0.3383,36.4158,3.7974,0.404,20.8167,6.4464,11.935,731.7825,1.4616,124
-0.4753,0.8883,0.2281,0.2519,194.4883,45.4148,0.8553,35.8475,4.5054,-0.3405,21.0875,6.803,9.1731,731.6517,1.2692,142
5.1639,0.8567,0.262,0.1556,186.3133,43.0417,0.5431,34.9817,5.2194,-0.3291,21.9667,7.461,3.8168,731.5667,1.1295,127
-6.7925,0.7875,0.3354,0.007,172.34,47.1079,-0.1496,33.8858,5.7734,0.0983,23.3883,8.2436,2.7818,731.5817,1.1509,118
-24.5522,0.7017,0.2944,-0.1411,157.6892,39.8936,-0.892,32.5317,6.0915,0.6179,25.3842,9.0577,4.7504,731.67,1.227,99
-32.1056,0.6708,0.3167,-0.2788,143.2333,40.4393,-1.5132,31.0333,6.1582,0.9974,28.0042,10.1608,6.4874,731.8242,1.259,92
-39.3088,0.6058,0.3533,-0.2146,140.8683,37.074,-2.2506,29.5075,5.8286,1.411,30.6383,10.0418,8.6494,732.0425,1.2286,86
-31.6869,0.5975,0.3464,0.082,157.2925,70.0791,-3.316,28.0175,5.1333,1.8881,33.8942,10.022,11.845,732.3108,1.1315,80
-31.5047,0.5508,0.3189,0.0113,148.2317,77.1112,-4.5172,26.5875,4.3401,1.9697,37.5567,10.6765,15.7083,732.6125,0.9609,67
-34.7577,0.4725,0.2628,-0.0002,146.9825,77.3321,-5.5025,25.365,3.7998,1.8659,40.8375,11.4528,21.0163,732.9242,0.7828,61
-31.7706,0.4333,0.2472,0.0113,149.3808,77.7742,-6.9295,24.465,3.1253,1.963,43.2233,10.9337,24.1243,733.2258,0.7122,63
-8.789,0.4367,0.251,0.0546,159.2925,87.275,-5.834,24.2258,2.7544,1.7494,43.8508,10.4397,19.1229,733.53,0.788,62
26.114,0.4717,0.3214,0.0868,170.2583,95.7974,-1.7163,24.2358,2.7737,1.2973,44.3458,9.9295,14.8551,733.8175,0.9977,61
37.3885,0.4975,0.3387,0.1138,179.28,100.1826,2.2074,24.6892,3.5998,0.4415,44.5267,9.7075,14.5074,734.09,1.155,62
35.4912,0.5492,0.3688,0.1011,180.0225,100.0268,2.4622,25.4,4.5474,-0.3126,44.54,9.6906,12.6407,734.2933,1.1722,59
29.101,0.6025,0.344,0.078,191.6192,96.0197,1.8231,26.3833,5.5395,-0.5415,43.3625,11.4183,11.103,734.3958,1.1331,58
23.4725,0.6392,0.3418,0.0516,205.1567,93.3557,0.8979,27.62,6.3912,-0.2508,41.385,13.6794,10.4154,734.4225,1.1076,57
23.0389,0.6508,0.3316,0.0258,219.0442,82.864,0.1766,29.0158,6.9312,0.011,38.9533,15.0827,9.8868,734.37,1.1891,54
27.9945,0.6917,0.2829,0.0135,224.2275,82.3919,-0.3829,30.4683,7.2152,0.2068,36.6417,16.1196,9.5393,734.2258,1.4203,49
33.1376,0.6658,0.2823,-0.0003,216.8742,73.8628,-0.825,31.8992,7.1717,0.3812,33.8275,16.1857,9.6562,734.0267,1.6729,47
40.6747,0.6658,0.2823,0.0644,227.4325,54.5345,-1.3652,33.2617,6.5656,0.6502,30.575,14.5265,10.3842,733.7833,1.9023,48
29.5987,0.7325,0.2705,0.1961,228.5558,52.5457,-2.0079,34.4425,5.307,1.0369,27.8008,11.1397,11.179,733.5208,2.0468,50
38.7458,0.7775,0.2415,0.2694,225.7483,56.0175,-2.538,35.33,3.865,1.2055,26.1408,8.2293,11.8379,733.2625,2.0758,54
21.2126,0.8092,0.2588,0.3036,213.985,55.4978,-1.648,35.7167,3.2411,0.5281,25.9758,7.9883,12.6702,733.0225,1.9803,55
-14.5185,0.8192,0.2769,0.3125,202.5517,50.1195,1.1745,35.875,2.9749,-0.4643,26.5025,8.8331,12.6343,732.81,1.7696,56
-21.9352,0.845,0.2935,0.2255,193.5875,45.4926,3.1543,35.6333,3.2995,-0.9172,27.9367,10.9834,9.0641,732.6275,1.5023,56
-25.197,0.8017,0.2998,0.3071,192.765,46.1212,3.338,35.1608,3.7665,-0.9524,29.7992,13.2305,3.2956,732.5242,1.3336,56
-15.9995,0.7775,0.3159,0.2689,186.6575,46.756,2.7421,34.4292,4.1904,-0.7366,32.7325,14.8465,-2.2499,732.4983,1.2972,56
-15.6294,0.7617,0.3181,0.2411,178.7483,41.2137,2.2444,33.5133,4.3903,-0.6082,35.8808,15.0033,-4.3312,732.535,1.3308,55
-1.7947,0.735,0.3567,0.0743,184.3592,51.0607,1.8323,32.4358,4.4317,-0.5022,39.1792,14.9019,-4.317,732.6267,1.3492,46
3.5063,0.725,0.3634,0.0572,170.5933,54.9213,1.5539,31.2142,4.2387,-0.4129,43.2433,14.9301,-3.3913,732.7767,1.2969,41
8.7911,0.6833,0.4091,-0.0352,175.95,66.0709,1.3405,29.9733,3.7704,-0.3412,47.5383,14.4474,-2.1282,732.9742,1.1821,30
10.8408,0.6717,0.4164,-0.0429,184.4825,70.9238,1.5593,28.8667,3.2536,-0.3608,52.0192,13.6914,-1.7166,733.2275,0.9907,34
11.1616,0.6033,0.416,-0.0202,176.66,80.001,1.8008,27.9667,3.0262,-0.3561,56.6933,14.325,-2.1565,733.5108,0.7724,44
10.071,0.5475,0.4227,-0.017,179.7658,79.3619,1.8464,27.3767,2.7076,-0.3254,60.2917,13.5737,-0.4169,733.81,0.6662,46
9.3371,0.4758,0.3913,-0.0127,189.3167,82.2591,1.7673,27.2083,2.4595,-0.3266,61.7408,11.8143,1.2911,734.0817,0.7411,44
10.8863,0.39,0.287,-0.0069,201.2242,87.9515,1.2868,27.3125,2.6584,-0.2784,61.8783,11.6018,1.7265,734.2892,0.884,44
12.7391,0.325,0.1657,-0.0026,208.0592,88.3646,0.8214,27.6675,3.2288,-0.2089,61.0008,12.7564,1.9792,734.4283,0.959,42
5.5081,0.3792,0.2843,0.0026,218.1208,88.4226,0.6184,28.25,3.9738,-0.1681,59.2,14.8752,2.1494,734.4908,0.971,38
5.5829,0.4033,0.3003,0.0077,227.3258,86.3951,0.5261,29.0767,4.8021,-0.1387,56.3967,17.9526,2.121,734.4742,0.9773,38
5.1606,0.4042,0.301,0.0112,233.2175,84.4046,0.4696,30.0525,5.526,-0.1183,53.6042,20.5376,1.6967,734.3842,1.0679,42
4.428,0.45,0.2929,0.0141,223.7575,83.1692,0.2758,31.1533,5.9743,-0.067,50.655,22.3218,2.0967,734.2317,1.3025,44
-3.4028,0.5442,0.4238,0.0216,230.8992,73.6553,0.0584,32.2533,5.9884,-0.0125,47.2008,22.9253,2.4998,734.0342,1.599,47
-10.1824,0.7192,0.5801,0.055,216.6558,69.2514,-0.2654,33.3083,5.6642,0.0612,43.8017,22.3831,3.4664,733.7875,1.889,48
-11.5663,0.8517,0.6571,0.0718,207.4017,68.874,-0.4906,34.2475,5.009,0.1139,40.285,20.5574,3.7142,733.49,2.1295,48
-12.4688,0.9408,0.6391,0.1387,216.3133,52.3618,-0.7157,35.0908,3.9126,0.1823,36.1792,15.7037,3.4868,733.1608,2.2658,53
-13.2392,1.0175,0.5983,0.1381,214.0783,54.3784,-0.7173,35.6725,2.843,0.2444,32.9942,9.8529,3.4142,732.815,2.2448,55
-13.9248,1.1033,0.5558,0.1325,204.8267,54.1402,-0.1802,35.8383,2.556,0.1141,31.9417,8.026,3.6087,732.4775,2.073,56
-14.3277,1.1933,0.5087,0.1492,192.385,45.6238,0.2882,35.7392,2.6926,-0.0814,31.8792,7.93,3.948,732.1875,1.7848,57
-12.6606,1.2192,0.474,0.1461,186.0292,42.2026,0.5049,35.4508,2.9943,-0.2199,32.36,8.5663,4.1543,731.9733,1.4797,61
-10.9433,1.1883,0.488,0.1623,176.4092,33.2726,0.5651,34.9392,3.3499,-0.2523,33.8225,9.9448,3.5217,731.8208,1.2314,62
-6.4174,1.1558,0.5287,0.1128,172.4983,25.1327,0.3591,34.2067,3.5512,-0.1586,36.4792,10.9004,1.8334,731.7517,1.1252,60
-4.1107,1.1342,0.5541,-0.0188,167.3025,16.1471,-0.1636,33.2508,3.6082,0.0205,39.8975,11.7317,0.8892,731.7433,1.1173,56
-3.7578,1.1108,0.5794,0.0158,173.6125,29.8771,-0.5731,32.2267,3.4139,0.1238,43.4558,12.0735,1.0797,731.8142,1.1309,44
-4.5753,1.0083,0.5993,-0.0229,163.1358,47.596,-0.9238,31.2408,3.1958,0.1975,47.1042,12.3306,1.4366,731.9633,1.101,37
-2.7871,0.8658,0.5127,-0.0323,158.2108,50.587,-0.6359,30.2917,2.9296,0.1354,50.5583,12.5013,0.5217,732.1808,1.0217,32
0.2201,0.7517,0.4012,-0.0329,157.5017,50.6261,-0.3704,29.475,2.6649,0.086,53.5942,12.0636,-0.8228,732.4392,0.8775,31
-1.8336,0.6675,0.3828,-0.0209,161.23,51.792,-0.8392,28.7717,2.5053,0.1793,56.5292,11.4592,0.4818,732.7192,0.7161,38
-4.8074,0.59,0.3795,0.015,174.2767,66.0036,-1.3797,28.2958,2.251,0.2996,58.785,10.3913,3.8435,733.0167,0.7023,43
-6.1303,0.5267,0.3154,0.0308,189.3558,79.2879,-1.1375,28.14,2.0383,0.3224,59.9642,9.1056,4.9727,733.3183,0.8438,49
-14.6345,0.4475,0.1691,0.0341,194.9725,79.2621,0.0032,28.245,2.2357,0.0645,59.6417,9.7205,4.9314,733.585,1.0311,53
7.1732,0.5075,0.3138,0.0268,193.975,79.5855,1.033,28.5558,2.7758,-0.2104,58.425,12.0067,5.3647,733.755,1.1058,55
13.1452,0.53,0.3424,0.0189,195.69,79.023,1.3172,29.1367,3.6057,-0.3012,56.16,15.3651,5.429,733.8758,1.1167,56
11.9046,0.5967,0.3752,0.0278,201.3058,82.2931,1.1531,29.9225,4.4655,-0.2773,53.145,18.5482,4.8956,733.9308,1.0971,55
10.4707,0.645,0.3815,0.0247,209.03,83.7442,0.8296,30.9583,5.2254,-0.2108,49.2708,21.09,3.871,733.9433,1.0845,54
9.2018,0.67,0.3724,0.0212,210.9867,85.1374,0.3361,32.1108,5.7785,-0.1025,45.1033,22.6197,3.666,733.88,1.1888,55
6.7554,0.7125,0.36,0.0226,222.7,68.9344,-0.0894,33.295,5.9704,0.0009,40.6242,22.9556,4.2121,733.7267,1.441,56
2.7239,0.7592,0.3554,0.0447,227.7083,61.7409,-0.5014,34.4867,5.8063,0.1074,35.995,22.1164,4.7259,733.4875,1.7488,56
4.6129,0.7608,0.3545,0.0712,228.6108,60.6803,-0.9173,35.5708,5.2917,0.2187,31.6392,20.3591,4.9891,733.2008,2.0131,56
5.5031,0.8133,0.3264,0.084,224.4908,64.2115,-1.16,36.37,4.3491,0.2944,28.0517,16.7043,4.8675,732.9008,2.164,57
13.6182,0.8642,0.2657,0.0853,210.3542,62.4372,-1.2161,36.8583,3.5126,0.3803,25.2858,12.3755,4.8208,732.5808,2.17,77
19.7834,0.8917,0.246,0.0896,194.9167,51.2993,-1.023,37.0008,3.266,0.4707,23.5542,8.966,5.1034,732.28,2.0111,96
32.4564,0.9167,0.2141,0.0854,194.2617,50.9537,-0.8745,36.9142,3.3868,0.4374,23.12,8.2615,5.9568,732.0492,1.7456,102
19.4987,0.8425,0.178,0.0812,192.48,52.3786,-0.8156,36.545,3.8293,0.3673,23.9067,9.3787,6.3178,731.9333,1.5729,87
11.6989,0.8967,0.2976,0.0702,189.8133,53.787,-0.9991,36.0575,4.116,0.433,24.9517,9.9466,6.3346,731.8617,1.4637,79
9.5059,0.8817,0.2894,0.0376,180.7192,46.6661,-1.3232,35.435,4.2384,0.5652,26.4883,10.2749,6.0456,731.8467,1.4442,82
1.1349,0.8067,0.3659,0.032,187.9833,63.3505,-1.7668,34.5517,4.2557,0.7076,28.9933,10.8093,5.806,731.8933,1.4862,88
-1.3009,0.7808,0.3851,0.0493,192.9058,72.1397,-2.0975,33.4783,4.0924,0.7392,32.0367,11.333,5.8762,732.0233,1.5278,88
-2.9389,0.73,0.4132,0.0242,182.9808,80.8255,-2.2591,32.3383,3.8002,0.7087,35.3417,11.455,5.8869,732.2058,1.4916,86
-1.7869,0.6775,0.4181,0.0044,170.075,94.4548,-2.1909,31.195,3.2825,0.5944,38.8667,11.0369,5.5699,732.4392,1.3602,86
-3.1092,0.6592,0.4262,-0.0024,157.6158,104.1126,-1.6784,30.1142,2.64,0.3723,42.6042,10.3156,4.7028,732.7325,1.1407,78
-1.7272,0.6083,0.4285,-0.0019,163.6508,105.4881,-1.0618,29.315,2.4613,0.2149,45.7525,10.8834,3.9174,733.05,0.8955,73
-3.7256,0.5642,0.4347,0.0012,168.5475,105.6658,-1.4407,28.7475,2.3735,0.3274,48.2758,11.1028,6.8459,733.3742,0.6973,68
-8.422,0.5058,0.4381,0.0181,175.9675,107.2897,-0.5681,28.5492,2.1927,0.3649,49.7083,10.3886,15.2881,733.6775,0.7077,65
-8.1356,0.4808,0.4314,0.0497,182.495,111.9098,2.2206,28.555,2.2014,0.1603,50.675,9.4449,18.0274,733.9017,0.8503,76
-8.8957,0.4667,0.4323,0.057,194.2617,114.3624,3.0859,28.8558,2.6125,-0.137,50.67,9.4501,16.7485,734.0533,0.9675,84
-5.4771,0.3658,0.2144,0.0569,204.4017,115.124,2.8707,29.2383,3.1789,-0.4388,50.3875,9.9247,16.0562,734.165,1.0061,80
40.5905,0.3183,0.1198,0.0539,207.445,114.6569,2.6402,29.7242,3.8208,-0.6665,49.7533,10.9442,15.7741,734.2108,0.9945,68
25.0258,0.3892,0.1815,0.0561,180.08,115.5301,2.2604,30.5517,4.6842,-0.6743,47.8675,13.2947,12.4802,734.1792,1.0232,68
23.2121,0.4358,0.2328,0.0823,158.2783,107.5249,1.9762,31.4733,5.1932,-0.6101,45.4908,15.0171,6.6985,734.0717,1.1749,76
18.0574,0.4642,0.2266,0.0698,164.7417,103.7766,1.6572,32.5017,5.4375,-0.5054,42.6292,16.3474,2.771,733.9267,1.3959,83
13.7767,0.4767,0.2241,0.0472,176.7042,92.5134,1.3029,33.5783,5.4236,-0.3843,39.3258,17.113,0.7807,733.7375,1.6501,79
8.5914,0.4892,0.2219,0.0055,188.2917,78.8777,0.748,34.5483,4.9927,-0.1945,35.935,16.4823,0.8339,733.4917,1.8838,87
-5.3022,0.5267,0.2265,0.0236,182.6333,78.7832,-0.1459,35.2983,4.1866,0.0893,33.3433,13.9642,1.7139,733.21,2.0321,90
-16.5033,0.5725,0.2235,0.0316,178.785,79.0022,-0.489,35.8783,3.2314,0.2255,31.3867,10.983,2.5532,732.92,2.0513,96
-9.6484,0.6067,0.186,0.0234,172.8942,76.8173,0.9212,36.1008,2.8576,-0.1363,30.5633,9.683,2.4774,732.6375,1.9239,100
0.9375,0.5917,0.2037,-0.0217,165.545,68.4544,1.9597,36.0517,2.934,-0.5139,30.455,9.512,1.2114,732.4092,1.7054,107
3.0356,0.5967,0.1986,-0.0491,156.8008,58.9973,1.5418,35.7908,3.2452,-0.4074,31.2042,10.5831,0.9033,732.2342,1.4601,101
1.7575,0.5658,0.235,-0.0708,147.5883,48.4855,1.2669,35.3675,3.5551,-0.3208,32.67,11.8158,1.3259,732.1108,1.2599,87
7.7809,0.5433,0.2621,-0.0732,157.5458,67.9392,1.3815,34.7425,3.8562,-0.3567,34.87,13.3739,0.3932,732.0275,1.1462,79
3.3735,0.5125,0.2378,-0.0327,159.495,64.3765,1.3344,33.8167,3.9263,-0.3429,37.7508,14.08,-0.8472,732.0075,1.1295,72
-5.5325,0.4733,0.2038,-0.0119,156.4725,68.7712,0.9736,32.8458,3.898,-0.2534,40.7258,14.2421,-0.7745,732.0392,1.1322,74
-6.1145,0.4733,0.2038,0.0111,174.5858,87.7853,0.4582,31.8817,3.5698,-0.1106,44.1,13.6201,-0.1183,732.1225,1.1015,86
-7.5522,0.4608,0.2063,0.0049,162.2958,99.8491,-0.3219,30.8533,2.9751,0.0811,48.1983,12.2651,1.2506,732.2558,1.0081,93
-13.2783,0.4183,0.2396,0.0137,171.6533,103.5616,-1.4332,29.9325,2.4101,0.3552,52.2925,10.3575,2.7726,732.4392,0.853,82
-16.2055,0.3808,0.2174,-0.001,161.4142,110.7417,-2.2798,29.25,2.1706,0.5353,55.13,9.5578,5.1216,732.6692,0.6908,78
-19.6668,0.3283,0.1803,-0.0089,156.6475,112.2169,-2.7885,28.7433,1.9431,0.6552,57.4858,8.909,7.4224,732.9208,0.6553,77
-2.8205,0.32,0.171,0.0068,166.1667,117.6095,-1.0085,28.5967,1.7307,0.3934,58.3942,7.807,7.7037,733.16,0.7801,77
2.4411,0.3317,0.1727,0.0177,168.275,118.5595,1.6508,28.685,1.8856,-0.0398,58.7783,7.2312,9.1603,733.3433,0.9377,83
14.4623,0.3717,0.2334,0.0249,175.3425,121.4003,2.2473,29.0075,2.4453,-0.3591,58.0792,8.389,9.3309,733.465,1.0382,86
9.6829,0.4342,0.2617,0.0232,184.8767,124.1443,1.4754,29.4708,3.1258,-0.2622,56.6625,10.72,8.6612,733.5442,1.0837,85
-2.757,0.5008,0.2748,0.0373,179.7617,119.3964,0.5683,30.1525,3.8664,-0.0381,53.9958,14.0449,8.0598,733.595,1.0812,81
-7.0816,0.5258,0.2904,0.0163,196.9708,114.1166,-0.3113,31.0442,4.5412,0.1557,50.7392,17.1644,7.8266,733.6,1.0778,79
-9.8503,0.5442,0.292,-0.0037,217.0425,106.1852,-0.7991,32.0642,5.0082,0.2465,47.3758,19.2653,7.7783,733.5692,1.1188,78
-9.7179,0.5417,0.2919,0.0027,201.655,97.9373,-0.8387,33.0717,5.2684,0.2448,43.8583,20.4403,5.9605,733.4758,1.2684,80
-12.1377,0.5333,0.2986,-0.0226,220.84,77.4794,-0.9818,34.0925,5.1968,0.2685,39.6617,20.5386,3.3864,733.3225,1.4978,75
-18.8121,0.5833,0.2536,-0.0162,212.7958,77.6467,-1.3279,35.0167,4.7334,0.3558,35.4592,19.1044,3.155,733.1267,1.7102,67
-22.3076,0.6283,0.249,-0.0051,223.1542,58.4937,-1.7758,35.6958,3.9546,0.4724,32.4592,16.4059,3.3369,732.9075,1.8269,70
-22.6774,0.6633,0.2099,0.0568,227.4258,50.3518,-1.843,36.1583,3.1364,0.6042,29.8075,12.5915,3.3791,732.6792,1.8211,82
-11.07,0.6525,0.2226,0.0271,223.995,47.741,-0.8247,36.215,3.0374,0.4919,28.6992,10.9587,2.9635,732.475,1.6995,96
-1.5734,0.6383,0.2416,0.0136,234.33,60.3483,0.0037,36.0417,3.3014,0.1683,28.1525,10.0253,1.3702,732.3342,1.5395,94
-10.458,0.575,0.2633,-0.0119,213.2817,85.6267,0.0,35.645,3.7177,0.0173,28.4433,10.4444,-0.2161,732.2492,1.4159,84
-15.0933,0.5283,0.2527,-0.0188,203.605,84.9293,-0.1423,35.0567,4.133,0.0468,29.8533,12.0094,-0.5888,732.1933,1.3333,75
-15.3473,0.4658,0.2406,-0.0174,203.6425,84.9563,-0.0965,34.3042,4.3969,0.0288,32.3917,13.5951,-0.4449,732.1808,1.3186,65
-12.1295,0.4242,0.214,-0.0077,190.5258,87.9877,0.178,33.3358,4.5056,-0.0585,35.8967,14.7728,-0.2175,732.1933,1.3261,62
-9.384,0.4008,0.2008,-0.0057,196.7725,96.632,0.5392,32.3042,4.3066,-0.1472,39.495,15.1086,-0.4098,732.2567,1.3307,60
-11.0765,0.4017,0.2014,-0.0018,184.0742,108.3857,0.5268,31.2067,3.8776,-0.1267,43.4475,15.1409,-0.1841,732.37,1.28,62
-6.0176,0.405,0.1992,-0.0002,166.1258,116.3652,0.13,30.095,3.2475,-0.052,47.8783,14.2428,1.3659,732.5425,1.1356,70
-7.4794,0.3858,0.1894,-0.0013,167.3217,116.4411,0.6297,29.0542,2.6114,-0.1765,52.8083,13.6586,2.6354,732.7408,0.9147,64
-10.9627,0.3375,0.1292,-0.0054,175.5458,118.6916,1.3836,28.255,2.2848,-0.2583,57.0692,14.434,3.678,732.9517,0.7003,61
-14.0887,0.3158,0.1023,-0.0058,177.7808,118.3887,1.8848,27.7433,1.9565,-0.2888,60.0608,13.4613,5.1526,733.1758,0.6156,62
11.4221,0.3333,0.1212,-0.0065,170.82,116.8271,3.3616,27.6192,1.7767,-0.4184,61.5208,12.0801,7.7059,733.3708,0.7033,58
19.2017,0.395,0.215,-0.0112,155.3367,102.5533,3.4722,27.7917,2.0964,-0.5471,61.8867,11.5713,8.0055,733.5017,0.831,57
24.4685,0.4333,0.207,-0.0046,172.5858,93.6554,2.2357,28.1442,2.6765,-0.4955,61.6217,11.9887,6.8157,733.585,0.9156,57
12.7382,0.49,0.2578,-0.0083,183.0075,98.1397,1.0895,28.6917,3.3842,-0.3039,60.4933,13.5573,5.8581,733.6292,0.9431,56
18.6478,0.4992,0.248,-0.0178,181.3567,96.9036,0.1673,29.3958,4.1081,-0.0914,58.6475,15.6192,5.9617,733.6183,0.9433,57
13.0934,0.5342,0.2527,-0.0267,193.9092,95.0837,-0.3897,30.3433,4.8144,0.0585,55.84,17.9834,7.0511,733.5667,0.9884,60
2.4185,0.5883,0.2837,-0.0531,188.2917,86.8026,-0.7293,31.3933,5.4123,0.1521,52.7467,19.9679,7.4355,733.4408,1.1701,63
-4.8952,0.6625,0.3679,-0.06,200.8625,70.8907,-0.8634,32.4475,5.6364,0.1899,49.375,20.9534,6.7511,733.2683,1.4325,88
-4.342,0.8,0.4908,-0.1175,212.1,47.8789,-0.9762,33.2983,5.3629,0.2075,46.3883,20.4531,5.1982,733.055,1.6997,85
-7.1079,0.9117,0.5331,-0.1081,211.3042,48.4603,-1.2952,33.7608,4.8527,0.2924,44.405,18.3067,4.7754,732.8275,1.9038,80
-6.0852,0.9217,0.522,-0.0112,191.9258,69.75,-1.4079,34.0475,4.3988,0.4162,42.3817,14.9581,4.9207,732.5917,2.0045,68
-4.3469,0.9617,0.4935,0.0046,186.6067,73.259,-1.1055,34.3608,3.9456,0.4775,39.6767,12.0043,4.95,732.3242,1.9915,68
1.6379,0.9433,0.5122,0.0188,187.8692,72.9007,-0.1919,34.4225,3.8766,0.1881,38.6817,10.9355,4.2224,732.0675,1.8576,66
2.096,0.9075,0.5226,0.0111,198.2192,78.4212,0.3382,34.1508,4.1203,-0.0609,39.0933,11.3432,2.6236,731.8725,1.6544,70
4.7628,0.8858,0.54,-0.0033,206.91,85.4667,0.4456,33.725,4.3693,-0.1299,39.9142,11.8411,0.5454,731.7275,1.4428,67
4.7356,0.8342,0.5551,-0.0097,193.1475,85.6297,0.4154,33.1042,4.5802,-0.1331,41.4142,12.4422,-1.6121,731.6117,1.2643,61
5.6857,0.815,0.5774,-0.0082,180.9625,87.7195,0.4095,32.3192,4.6316,-0.1322,43.665,13.0023,-2.627,731.5358,1.1702,58
5.4202,0.7767,0.5948,-0.0098,179.4617,86.6901,0.4227,31.365,4.3527,-0.1202,46.875,13.0614,-2.7835,731.5208,1.1596,57
5.0815,0.7167,0.6015,-0.0104,170.875,80.0177,0.542,30.1975,3.6865,-0.0943,51.1158,13.0645,-2.7451,731.5783,1.1588,56
4.0273,0.6325,0.5639,-0.0156,169.605,80.1392,-0.3185,29.025,2.6619,0.2765,55.8558,12.9932,-2.6482,731.7042,1.0979,56
-0.7643,0.4875,0.4124,-0.0253,167.5325,80.8781,-3.9482,28.0858,1.8145,0.6121,60.0608,13.2184,-1.7074,731.8875,0.9597,56
-4.6517,0.3742,0.1789,-0.0171,170.6292,81.6872,-4.8963,27.5892,1.8544,0.6236,62.6917,14.8809,-1.6469,732.1025,0.775,56
-4.1811,0.3767,0.1793,-0.0379,183.4108,68.0425,-4.0704,27.2525,2.0511,0.5062,65.3683,16.7126,-3.4703,732.3308,0.6512,51
1.5793,0.3358,0.1195,-0.0465,184.1225,67.3136,-4.5376,26.9075,1.8937,0.5675,68.9942,15.378,-4.1168,732.5833,0.6543,49
-0.4985,0.3633,0.1493,-0.0444,192.2583,71.3839,-4.3774,26.8408,1.781,0.5974,70.1808,14.0101,-4.1746,732.8275,0.7956,52
8.3333,0.34,0.1382,-0.0277,188.0367,66.4831,-1.8499,27.1733,2.4229,0.4544,69.745,14.6247,-2.6261,733.0175,0.9772,54
1.7465,0.3842,0.2014,-0.0005,183.1533,58.1579,-0.9577,27.715,3.3118,0.2973,68.37,16.8808,-2.173,733.1567,1.1027,55
-2.6298,0.4075,0.2164,-0.037,193.7608,56.6103,-0.9419,28.4425,4.1776,0.247,66.28,19.7702,-2.7306,733.275,1.1607,57
-18.8732,0.4575,0.1964,-0.1054,208.6958,53.1997,-1.0671,29.36,5.0348,0.2467,63.3858,22.8894,-3.4883,733.3483,1.1453,64
-25.6589,0.4783,0.1918,-0.1104,213.18,57.0229,-1.1779,30.4158,5.7911,0.2642,59.8467,25.5325,-3.5015,733.3633,1.1321,74
-32.3116,0.52,0.2066,-0.1195,216.2058,56.5904,-1.3297,31.6492,6.2888,0.2963,55.2867,27.3396,-1.9558,733.3067,1.2186,68
-30.862,0.5433,0.2109,-0.097,222.0258,53.4993,-1.1606,32.985,6.5076,0.262,49.9008,27.9588,1.1167,733.1742,1.4367,66
-20.4471,0.6175,0.2325,-0.033,225.655,48.171,-0.9923,34.2525,6.295,0.2213,44.2875,27.3261,2.1579,732.9658,1.7265,63
-15.7988,0.6633,0.2314,-0.0074,221.4867,51.4903,-0.8273,35.42,5.6867,0.1811,38.6808,24.9863,2.2006,732.7,1.9961,70
-16.7414,0.7183,0.2451,0.024,218.9408,54.4555,-0.9371,36.3783,4.5882,0.2335,33.2075,19.5504,2.3047,732.3908,2.1741,76
-18.1914,0.7792,0.2314,0.0813,221.44,50.3306,-0.8125,37.0583,3.4497,0.329,28.8958,12.533,2.3667,732.0575,2.2112,77
-17.2803,0.8167,0.2451,0.0778,212.4192,50.2148,-0.313,37.3658,2.8882,0.3633,26.745,8.6691,2.3488,731.7583,2.0878,71
-7.0882,0.9292,0.2802,0.0655,206.505,50.2274,0.3706,37.3342,2.9369,0.0464,25.7675,6.7641,1.8764,731.52,1.8658,62
-4.0922,0.9983,0.3507,0.0475,198.8267,48.0708,0.5026,37.0875,3.2014,-0.14,26.0,7.1149,1.2213,731.3367,1.6206,60
-2.9896,1.0225,0.3369,0.036,191.9967,47.0166,0.3211,36.6125,3.5929,-0.0829,27.065,8.3933,0.9441,731.1858,1.3887,59
-0.9952,1.0708,0.3213,0.0197,181.5917,40.0686,-0.085,35.8642,3.9912,0.0945,28.9642,10.0152,1.3806,731.0983,1.2673,59
-0.2193,1.1183,0.2803,-0.027,170.2733,26.0322,-0.659,34.9233,4.2067,0.3143,31.3142,11.3899,2.3501,731.0692,1.2398,58
-3.2863,1.125,0.274,-0.0337,165.445,20.2051,-0.9545,33.8458,4.2014,0.3873,34.02,12.1481,2.724,731.125,1.2593,57
-6.7792,1.0767,0.3753,0.0427,174.77,49.7165,-1.2565,32.6167,3.9686,0.4294,37.4192,12.6351,2.9058,731.2383,1.2374,56
-7.0916,1.045,0.3887,0.0105,160.9175,68.4656,-1.4842,31.4133,3.6807,0.4606,41.0592,12.3822,3.2367,731.43,1.1467,52
-8.875,0.9908,0.4449,0.0273,177.6358,87.7151,-2.0422,30.2858,3.3249,0.5899,44.6475,11.6156,4.4196,731.6767,0.9788,45
-10.5636,0.9225,0.487,0.0173,177.2925,87.857,-2.2388,29.2883,3.3285,0.6089,48.5908,12.3593,5.7889,731.9433,0.7577,42
-11.2129,0.8675,0.5053,0.0251,189.485,93.0435,-2.2803,28.6092,3.1077,0.6149,51.3342,11.8581,6.5301,732.2208,0.5757,48
-10.3143,0.8025,0.5198,0.024,203.7317,100.7369,-2.0123,28.3342,2.8154,0.5789,52.75,10.6521,3.5454,732.4658,0.6273,51
-8.7742,0.72,0.4567,0.0223,203.1083,100.9427,-1.6605,28.3225,2.7976,0.5221,53.2442,9.9516,0.4674,732.6383,0.7599,54
-7.0956,0.6458,0.3517,0.0156,210.3175,101.4372,-1.2783,28.5308,3.1654,0.4172,52.745,10.8279,-0.6848,732.7417,0.8362,56
-3.4829,0.5975,0.345,0.0079,218.7492,101.2564,-1.0945,28.9992,3.8642,0.357,51.4492,12.7658,-1.3625,732.8008,0.854,61
-5.6321,0.5917,0.3347,0.0011,230.62,101.2541,-1.0284,29.7358,4.6881,0.3317,49.26,15.2964,-1.0456,732.7908,0.8586,62
-12.3867,0.5717,0.3087,0.0088,235.1725,98.6778,-0.9705,30.6342,5.403,0.3115,46.4525,17.7122,0.8564,732.71,0.9604,66
-8.9111,0.5008,0.3225,0.0057,246.9758,98.2626,-0.9498,31.7075,6.0068,0.3052,43.3958,19.5284,1.9264,732.5625,1.1872,76
-5.2527,0.495,0.3297,-0.0024,247.5125,98.7675,-0.9908,32.9392,6.3451,0.3169,39.775,20.5089,2.3286,732.3758,1.4645,72
-8.3182,0.55,0.4069,-0.0153,271.5925,66.6474,-1.1895,34.2442,6.3345,0.3681,35.8708,20.7055,2.6757,732.1267,1.7478,72
-4.4819,0.5483,0.4082,-0.0408,265.5433,61.4887,-1.3923,35.3725,5.805,0.4218,32.0375,19.7842,3.2041,731.8308,1.9771,77
-3.8084,0.5908,0.4024,0.0534,266.205,60.153,-1.381,36.3433,4.645,0.4795,27.8967,15.6396,3.4067,731.5217,2.1046,74
-3.3154,0.645,0.4166,0.0481,254.3733,66.9058,-0.7685,37.0008,3.5532,0.4347,24.7033,11.1735,3.0011,731.1983,2.103,74
-1.5166,0.7225,0.4368,0.0284,239.9892,66.7069,0.1324,37.2233,3.1687,0.2499,22.8358,8.0733,2.5546,730.8825,1.9463,69
-0.6578,0.8167,0.5223,0.0388,239.5875,67.1619,0.4233,37.1808,3.234,0.0846,21.8933,6.327,2.5912,730.6092,1.6853,70
-0.0797,0.8692,0.5499,0.0306,232.285,69.6011,0.3412,36.8908,3.5614,0.0077,21.9692,6.4491,2.9002,730.4042,1.3976,75
0.3325,0.895,0.5334,0.0165,223.4767,71.8161,-0.0158,36.3,4.0752,0.1341,22.825,7.5968,3.8311,730.2483,1.137,68
-1.6441,0.8158,0.5581,0.0032,213.1933,69.5087,-0.3241,35.5017,4.4714,0.259,24.2458,8.6447,4.6626,730.1683,1.0142,68
-2.9346,0.775,0.5697,-0.006,209.8658,70.8296,-0.6819,34.5133,4.76,0.4265,26.3533,9.6045,5.2483,730.1558,1.0032,62
-4.6437,0.8133,0.534,0.0189,208.0308,68.4992,-1.2636,33.3792,4.7435,0.6799,28.9142,10.4354,6.035,730.2058,1.0141,59
-7.6635,0.8392,0.5036,-0.0147,185.98,63.8924,-1.8252,32.0525,4.5336,0.7371,32.51,12.1258,7.0192,730.3317,0.9974,57
-9.2683,0.7383,0.5083,-0.0344,166.3167,64.021,-2.5323,30.655,3.9992,0.8236,36.0708,12.2528,8.2943,730.5092,0.9185,57
-14.2675,0.75,0.4982,-0.0414,142.6517,67.4638,-3.0388,29.4667,3.5122,0.8553,39.6775,12.1302,9.524,730.7492,0.7986,55
-14.7102,0.7108,0.5134,-0.049,135.5108,71.0585,-2.8396,28.5175,3.3025,0.742,42.8692,12.32,7.787,731.0433,0.7408,54
-13.6218,0.6392,0.521,-0.0351,138.6383,72.571,-2.8106,27.8267,2.9739,0.6969,45.46,11.7319,5.2819,731.3517,0.7743,55
-11.9839,0.5708,0.4878,-0.0219,146.86,79.9435,-2.392,27.6467,2.7327,0.6272,46.4858,10.7004,2.0165,731.65,0.9283,71
-12.5433,0.4667,0.3278,-0.0162,153.3983,83.9855,-1.3993,27.7525,2.9186,0.4988,46.9792,10.0479,0.781,731.8967,1.0636,73
-6.5118,0.3883,0.1499,-0.0103,156.775,85.3595,-0.3631,28.1033,3.5318,0.2528,46.7992,10.3183,0.7161,732.08,1.1548,73
5.1667,0.3725,0.1252,-0.0127,165.7825,90.4836,-0.2932,28.78,4.4398,0.18,45.8642,11.5975,0.1268,732.2175,1.1768,78
-7.0191,0.4217,0.1622,-0.0146,175.5333,96.7675,-0.3178,29.6117,5.2602,0.1456,44.5867,13.1308,-0.4111,732.2975,1.1495,76
-5.6735,0.4192,0.1629,-0.0118,173.3117,97.318,-0.5038,30.6425,5.9564,0.1977,42.7233,14.8283,-0.3061,732.3275,1.1187,73
-14.5266,0.4408,0.1887,-0.0202,163.85,91.1885,-0.6089,31.7433,6.4228,0.2435,40.4617,16.1305,1.7022,732.2825,1.1917,78
-18.5207,0.4867,0.2286,-0.0206,172.035,87.4962,-0.7475,33.0158,6.5688,0.3024,37.1592,16.3411,2.8647,732.1425,1.4233,81
-23.0247,0.5383,0.2187,-0.0151,180.0167,80.8208,-0.8877,34.34,6.3363,0.3508,33.9542,16.0834,3.2722,731.965,1.6603,75
-22.8733,0.5858,0.2401,0.0236,192.7717,61.6774,-0.9368,35.5217,5.6729,0.3743,30.7583,14.5017,3.4602,731.735,1.8676,72
-20.2263,0.6642,0.2834,0.0947,201.2325,48.6622,-1.0466,36.5358,4.4975,0.457,27.765,11.2657,3.4813,731.465,1.9676,73
-19.9597,0.7075,0.2447,0.1041,198.2042,50.3336,-0.9447,37.29,3.1414,0.5823,25.4025,7.0901,3.3967,731.1825,1.9515,73
-7.2884,0.7833,0.2874,0.0905,189.91,47.5129,-1.1712,37.5733,2.6254,0.7718,24.5758,5.6787,3.4161,730.9092,1.7994,76
2.928,0.8958,0.4032,0.0745,183.68,45.3864,-1.3268,37.5767,2.62,0.8695,24.5433,5.6141,3.8551,730.7033,1.5855,87
6.6466,0.9392,0.3859,0.0558,180.1175,44.8712,-1.3229,37.2808,2.9925,0.738,25.2675,6.7771,4.0686,730.5575,1.3752,87
4.0874,0.9383,0.3868,0.0479,171.9517,36.8115,-1.6395,36.6775,3.5032,0.7919,26.6775,8.3128,5.7006,730.4358,1.1919,77
2.6842,0.9292,0.3913,0.1622,161.2025,9.9491,-1.8263,35.9242,3.8809,0.8386,28.2842,9.2076,7.1068,730.3517,1.0854,78
-1.4668,0.91,0.423,0.051,178.5525,50.7163,-1.8454,34.9925,4.1022,0.8011,30.4975,10.0422,7.8289,730.3575,1.0908,78
-4.6491,0.865,0.4624,0.0333,175.6925,51.9097,-1.931,33.9075,4.2426,0.7514,33.3958,11.2801,8.0595,730.4483,1.1157,68
-6.5492,0.8067,0.4948,0.032,175.235,51.9226,-2.0592,32.705,4.1744,0.7178,36.7642,12.1678,8.4579,730.6208,1.07,61
-6.919,0.7633,0.5175,-0.0012,162.8492,70.1507,-2.0037,31.4608,3.8835,0.5853,40.6292,12.8246,8.6397,730.8567,0.9793,58
-5.8399,0.715,0.5249,-0.0032,152.8783,78.4315,-1.5645,30.3092,3.6211,0.3891,44.5833,13.3884,7.7014,731.1425,0.8531,57
-3.0588,0.6592,0.5011,-0.0003,142.2608,84.7274,-0.9343,29.3633,3.4309,0.219,48.0142,13.2638,4.3233,731.4442,0.774,61
-2.3514,0.6183,0.5151,0.002,143.105,84.8927,-0.2052,28.665,3.1407,0.0348,50.5767,12.199,-0.796,731.7592,0.7855,65
-1.8024,0.5267,0.4729,0.0035,149.4325,88.7286,-0.006,28.4492,2.8505,-0.0183,51.3567,11.174,-0.9271,732.0592,0.9063,74
0.9762,0.4242,0.2526,0.0144,156.7767,93.2668,0.7229,28.5183,2.9756,-0.1733,51.1642,11.4604,0.8868,732.3008,1.0543,86
12.3804,0.3942,0.1948,0.0212,162.88,96.093,1.1066,28.85,3.5289,-0.2811,50.3175,12.6287,1.6958,732.4825,1.1512,89
12.3252,0.3917,0.1938,0.0206,166.5925,97.0498,0.7196,29.4583,4.3204,-0.2041,48.6842,14.6246,1.699,732.6292,1.1543,92
14.1525,0.3892,0.1901,0.0198,173.8867,99.575,0.5356,30.23,5.0935,-0.1659,46.8492,16.5966,1.7774,732.7333,1.0867,86
12.0965,0.4308,0.1834,0.0361,162.02,86.0067,0.4008,31.1867,5.7883,-0.134,44.4,18.5505,1.3045,732.7325,1.0878,87
-1.894,0.5083,0.2618,0.0199,174.7342,92.6202,0.1442,32.3767,6.33,-0.0598,41.0942,20.0397,2.3392,732.6442,1.2373,85
1.9686,0.5242,0.2494,0.0033,184.8092,98.1073,-0.0628,33.6625,6.535,0.0001,37.4275,20.5601,3.6227,732.4825,1.5032,89
6.4008,0.5317,0.2426,-0.0035,204.205,82.3666,-0.3128,35.0108,6.3918,0.0735,33.2792,19.7855,3.9957,732.2333,1.8173,89
-4.8614,0.5933,0.2841,0.0056,214.4125,67.1075,-0.583,36.1992,5.6738,0.1709,29.1883,17.0247,4.1609,731.92,2.0819,80
-7.3793,0.6183,0.294,0.0499,222.9117,47.504,-0.864,37.1608,4.5359,0.3155,25.4925,12.8465,4.191,731.5808,2.223,92
-7.8985,0.6508,0.2687,0.066,221.8117,48.977,-1.335,37.8242,3.2955,0.7359,22.8008,7.8931,4.3617,731.2275,2.2237,105
-7.2531,0.6617,0.2545,0.0645,221.1667,48.8253,-1.3134,37.8892,3.1713,0.9141,22.1825,6.6992,4.679,730.8925,2.0708,109
-5.647,0.6683,0.2549,0.0136,213.485,50.3765,-1.3284,37.6742,3.4878,0.8894,22.22,6.7621,4.6626,730.595,1.81,111
-12.05,0.6383,0.2746,-0.0355,205.8617,52.6153,-1.5293,37.1275,4.1441,0.8551,23.19,8.3251,5.0802,730.3408,1.49,96
-16.9881,0.625,0.2865,-0.0764,196.2633,60.5464,-1.7873,36.3225,4.8002,0.9231,24.875,10.0033,7.9141,730.1325,1.1823,86
-19.5954,0.5867,0.3091,-0.1008,186.4942,60.8608,-1.8734,35.3633,5.2594,0.9535,26.6792,10.8724,11.8479,729.9642,0.941,88
-21.2228,0.57,0.3117,-0.1028,173.0183,72.5314,-2.0826,34.2358,5.5034,1.0002,29.205,11.7914,14.4023,729.865,0.8432,75
-26.2218,0.4783,0.2854,-0.1078,150.4058,74.4596,-2.2061,32.9217,5.4515,0.9869,32.2583,12.2507,14.9744,729.8475,0.8384,64
-28.2558,0.4775,0.2856,-0.1182,131.61,64.0435,-2.292,31.5033,5.1745,0.9166,35.78,12.672,14.6666,729.9025,0.8249,59
-32.2578,0.4733,0.2878,-0.095,112.8417,63.2134,-2.3578,30.0367,4.5178,0.8517,39.2783,12.0176,14.3697,730.0275,0.7544,57
-28.1334,0.4058,0.2168,-0.0671,103.6067,63.9114,-1.8211,28.7308,3.94,0.5327,42.9617,12.0452,12.7058,730.2075,0.6274,57
-18.5482,0.345,0.1767,-0.0558,98.5108,63.4435,-1.3879,27.6092,3.4837,0.3624,46.6542,11.8589,10.3531,730.4108,0.5331,56
7.965,0.3408,0.1709,-0.0557,87.9258,64.3659,-0.9035,26.875,2.9087,0.186,48.6375,10.3082,8.8017,730.65,0.6103,68
13.3176,0.3433,0.1717,-0.058,69.5125,51.6993,0.6513,26.7167,2.663,-0.2183,48.8908,9.9487,8.487,730.8792,0.8161,88
36.1589,0.3117,0.129,0.0282,72.7908,58.2437,1.9798,26.8758,2.9869,-0.5382,48.6142,10.4025,8.888,731.065,0.982,101
29.2154,0.3358,0.15,0.0314,79.9275,70.9763,1.3735,27.4158,3.8738,-0.4601,47.4067,11.9755,7.7299,731.1992,1.0725,95
10.0286,0.3775,0.1965,0.0058,94.8533,89.384,0.615,28.2308,4.8654,-0.2622,45.575,13.9811,7.1643,731.2783,1.0869,99
8.6576,0.3858,0.1909,-0.0001,105.4533,99.9387,0.2808,29.2267,5.7865,-0.1565,43.4417,16.1977,7.1323,731.3175,1.0687,90
-1.3343,0.405,0.2053,-0.0218,123.5492,106.1234,-0.1922,30.4,6.5649,0.0056,40.71,17.9946,8.1014,731.3108,1.0758,96
-5.6081,0.4325,0.1775,-0.0389,136.5108,102.0781,-0.688,31.6808,7.0457,0.1764,37.6683,19.0743,9.5961,731.2317,1.1988,94
-7.6174,0.4375,0.1773,-0.0598,150.5575,103.0853,-1.1072,33.0958,7.2127,0.3227,34.1442,19.1501,10.4048,731.0875,1.4216,91
1.8378,0.44,0.1756,-0.0721,163.8225,94.3272,-1.5118,34.5175,6.9851,0.4557,30.64,18.6321,10.314,730.885,1.6742,87
-12.0235,0.4667,0.1766,-0.088,173.6075,87.6606,-2.2665,35.8883,6.2479,0.7649,26.6767,16.1548,10.0526,730.64,1.8839,83
-27.4811,0.5425,0.2119,-0.0789,180.1633,82.9559,-3.2265,37.0133,4.8834,1.4592,22.8883,10.8709,10.0601,730.3717,2.0021,76
-23.1554,0.5942,0.2758,-0.0349,191.485,68.9839,-3.9501,37.8117,3.4957,2.2707,20.545,6.8842,9.5447,730.0683,1.9853,89
-9.5126,0.6442,0.2918,0.1717,204.465,43.0458,-3.6299,38.1217,2.9222,2.442,19.6025,5.3104,8.6961,729.7533,1.8234,99
6.1128,0.6833,0.2797,0.1293,201.8383,44.1515,-3.1561,38.0767,2.9962,2.2829,19.3142,4.7842,7.8197,729.4775,1.5592,107
1.2892,0.665,0.2921,0.1005,198.7592,43.0443,-2.9283,37.6708,3.5296,1.76,19.9917,6.1036,9.0026,729.2517,1.2523,105
-4.284,0.6383,0.2932,0.0317,189.1217,37.2688,-3.0876,37.0242,4.0735,1.5481,21.4942,8.1233,13.2439,729.0792,0.9892,105
-6.9331,0.6167,0.3252,0.0539,195.5067,52.126,-3.1501,36.19,4.461,1.4312,23.5983,9.5758,17.2987,728.96,0.8184,108
-9.5908,0.5958,0.3298,-0.0002,181.61,55.6458,-3.3417,35.1342,4.7023,1.3615,26.2567,10.9881,21.8332,728.91,0.7624,95
-15.0924,0.5792,0.3445,-0.0298,174.98,60.527,-3.3261,33.9942,4.7323,1.1753,29.3192,12.2898,22.2554,728.9508,0.7807,78
-17.087,0.5442,0.3748,-0.0187,158.2483,68.7662,-3.1921,32.7575,4.4843,0.9713,32.5575,13.0171,21.664,729.0442,0.7604,75
-20.7626,0.5417,0.3763,-0.0133,150.5975,71.8904,-2.7502,31.4775,4.0643,0.6582,36.4092,13.817,20.747,729.2025,0.6875,70
-17.1602,0.5033,0.3896,-0.0031,145.8733,72.6194,-1.7185,30.2292,3.5647,0.2913,40.6667,14.642,16.3425,729.4117,0.5955,70
-7.5501,0.4458,0.3539,0.0156,138.9708,75.3105,0.1255,29.2392,3.3423,-0.0876,44.4258,14.8734,1.5628,729.6442,0.558,71
5.7239,0.3875,0.2776,0.0216,126.7675,82.4412,1.4711,28.5642,2.9178,-0.3367,47.1033,13.5668,-4.2672,729.9017,0.6758,77
11.1728,0.3167,0.2099,0.0292,138.065,95.0789,2.4023,28.2825,2.527,-0.5067,48.6042,11.8865,-1.1205,730.1658,0.8648,89
5.482,0.275,0.1485,0.0382,144.9708,99.962,2.607,28.3683,2.6963,-0.6167,49.2092,10.9133,2.2632,730.4175,1.0723,85
13.7337,0.2892,0.1641,0.0416,143.7275,99.3921,2.3352,28.7583,3.3336,-0.7012,48.9875,11.2357,3.3014,730.6267,1.1928,73
16.7819,0.3192,0.2198,0.0467,156.8625,110.4934,1.914,29.42,4.2343,-0.6436,47.745,12.9324,4.2496,730.7975,1.2146,87
20.1195,0.3933,0.2596,0.0698,155.3467,108.1441,1.7605,30.2458,5.0756,-0.6291,46.0233,14.9035,4.5386,730.9242,1.1611,101
19.5773,0.3792,0.2629,0.0638,173.1742,113.6476,1.3342,31.3175,5.8465,-0.4789,43.4692,17.0955,5.1288,730.9858,1.1031,108
12.9357,0.4217,0.27,0.0451,192.2275,118.147,0.7496,32.5525,6.4635,-0.2974,40.4475,18.615,6.664,730.9692,1.1264,107
8.6523,0.4742,0.2513,0.0558,202.5433,108.9626,0.3871,33.8017,6.691,-0.1746,37.2883,19.382,7.722,730.9075,1.227,101
5.3285,0.4967,0.2468,0.0708,200.3842,111.5983,0.0148,35.1442,6.574,-0.0551,33.5175,18.9189,8.0401,730.78,1.4078,100
8.1617,0.5092,0.2328,0.0793,196.1825,115.8382,-0.3575,36.365,5.88,0.0905,29.46,16.3893,7.9013,730.5933,1.5975,101
-5.6508,0.5567,0.2546,0.0804,203.6,110.3811,-1.1741,37.3667,4.6885,0.4953,25.9708,12.1436,8.0909,730.3742,1.7253,97
-8.7232,0.5842,0.2626,0.1121,215.0717,96.2882,-1.8226,38.0567,3.5588,0.9662,23.6717,8.5226,8.408,730.1217,1.7489,101
-2.7799,0.6433,0.2393,0.1083,203.535,93.7425,-1.8315,38.3842,2.9836,1.201,22.5417,6.6242,8.6955,729.8742,1.6489,115
4.937,0.7283,0.283,0.1,196.0058,93.1814,-0.9249,38.3825,2.986,0.7489,22.4533,6.4735,9.1192,729.665,1.4352,118
0.8103,0.8083,0.3469,0.1051,194.325,93.5894,0.082,38.1508,3.2695,0.0697,22.7925,7.0297,8.8676,729.5083,1.2097,115
-0.2295,0.7942,0.3488,0.0903,181.9067,85.9572,-0.1625,37.5925,3.7487,0.0967,23.6792,7.806,8.3068,729.39,1.0265,106
-7.0924,0.7542,0.3583,0.0556,168.5317,75.8793,-1.0817,36.7958,4.2364,0.4795,25.0383,8.5404,7.2029,729.3058,0.9167,92
-12.23,0.7458,0.3711,0.0494,158.33,64.0991,-2.0092,35.7917,4.5071,0.9658,27.0233,8.8976,8.1266,729.285,0.8974,75
-15.9212,0.7225,0.3819,0.0423,135.7292,47.1304,-2.5591,34.5842,4.5106,1.1996,29.4533,9.2174,9.19,729.3292,0.911,66
-17.8698,0.6783,0.4146,0.0117,127.9133,50.4212,-2.8441,33.3642,4.3521,1.24,32.16,9.4302,9.4481,729.4292,0.8967,60
-19.7136,0.6583,0.425,-0.0611,127.7867,50.6085,-3.0387,32.0483,3.9231,1.0938,35.4067,9.7107,9.0528,729.59,0.8345,52
-24.9429,0.6658,0.4196,-0.1165,124.4092,56.1779,-2.9949,30.8942,3.5708,0.8617,38.8292,10.2481,8.0393,729.7983,0.7267,46
-21.9784,0.6083,0.4267,-0.0991,119.1892,55.4238,-2.3853,29.9158,3.4835,0.5673,41.9608,10.9955,3.7239,730.0525,0.6528,48
-20.8035,0.5717,0.4267,-0.0752,120.0592,55.9987,-2.1665,29.225,3.1971,0.4575,44.2758,10.5817,0.2806,730.3467,0.7112,53
-22.3468,0.5158,0.4278,-0.0033,127.85,66.6501,-1.7793,28.9875,2.8922,0.3793,45.2683,9.6221,3.4297,730.6533,0.9149,50
-22.7729,0.4575,0.3542,0.038,135.8183,75.3518,0.0617,29.09,3.0825,0.0063,45.2008,9.7094,4.5259,730.9067,1.1214,53
6.5376,0.4367,0.2946,0.0574,145.11,84.3904,1.3412,29.4342,3.6784,-0.3558,44.5908,10.4843,4.2403,731.1067,1.247,55
9.4894,0.455,0.3147,0.0572,151.21,88.4298,1.0924,30.0183,4.4395,-0.407,43.755,11.5566,3.4135,731.2717,1.2823,63
3.0473,0.4992,0.3465,0.0327,162.0817,96.0354,0.3911,30.8517,5.2219,-0.1978,42.52,12.9302,3.1699,731.3975,1.2354,75
-4.2024,0.5675,0.3498,0.0082,168.0308,99.305,-0.3458,31.8608,5.9089,0.1132,40.73,14.6017,5.139,731.4483,1.1889,84
-9.2611,0.6025,0.3543,-0.0051,183.7983,94.7334,-0.9157,33.0417,6.4007,0.3582,38.235,16.2886,9.0254,731.4375,1.2039,74
-21.9847,0.7042,0.381,-0.0021,194.4517,87.6279,-1.4209,34.2883,6.6011,0.5444,35.3983,17.3113,12.2165,731.3717,1.3062,73
-22.9869,0.7383,0.3639,0.0151,206.1942,76.5416,-1.972,35.5992,6.4161,0.737,32.1342,17.1714,14.0477,731.2467,1.4785,81
-32.0571,0.8183,0.3856,0.1512,218.97,53.2918,-2.5566,36.8025,5.766,0.9959,28.4725,15.62,14.9055,731.0767,1.6565,94
-39.6854,0.8875,0.3483,0.3827,223.1342,45.0308,-3.5497,37.8317,4.505,1.5066,25.3383,11.9846,15.169,730.88,1.7611,98
-44.3564,0.96,0.3226,0.5079,223.3558,44.7332,-4.4848,38.5308,3.2032,2.3869,23.0733,8.0829,15.4339,730.6558,1.7627,92
-43.7575,1.0708,0.266,0.4813,216.4058,45.8141,-1.6128,38.7225,2.8291,1.6746,22.355,6.7315,15.4306,730.4358,1.6312,83
-27.1828,1.1225,0.2336,0.4315,209.2742,45.5722,0.9012,38.5783,3.0411,0.677,22.015,6.3088,13.9242,730.2733,1.4407,82
-34.8806,1.0975,0.2347,0.3673,202.8317,41.2378,1.5323,38.1842,3.4727,-0.1312,22.0458,6.3408,9.9869,730.1692,1.2796,71
-19.719,1.085,0.2489,0.2574,194.9008,42.0889,0.9335,37.5492,4.0086,-0.2687,22.7517,7.0629,5.7021,730.1067,1.1812,62
-20.149,1.05,0.2877,0.1261,183.8233,33.0777,-0.1509,36.6908,4.474,0.136,24.0125,8.1089,4.1302,730.0967,1.1688,58
-25.5399,1.0117,0.3254,-0.0103,175.9917,25.7465,-1.1606,35.6217,4.7905,0.6465,26.1658,9.5391,5.1773,730.1608,1.216,51
-26.7834,0.9975,0.3361,-0.1863,170.075,16.1939,-1.7257,34.4583,4.7711,0.8699,28.7333,10.0695,5.9383,730.2767,1.2345,44
-26.3691,0.9008,0.3816,0.0506,183.3683,52.8688,-2.2487,33.1975,4.5555,0.9847,31.7642,10.562,6.8523,730.4317,1.1879,36
-28.9361,0.8717,0.4054,-0.0161,170.2892,66.4646,-2.8833,31.8417,4.1717,1.0482,35.1825,11.1773,7.8505,730.6275,1.0636,32
-31.5981,0.78,0.409,-0.0656,158.3408,77.2565,-3.6488,30.5717,3.754,1.1655,38.975,11.4972,9.4074,730.875,0.8672,37
-33.0903,0.7142,0.4204,-0.0724,158.3525,77.255,-4.2032,29.4983,3.5406,1.1467,42.4583,12.7317,12.5449,731.1375,0.684,43
-34.0644,0.6342,0.4038,-0.0848,148.1183,83.6559,-4.676,28.835,3.1324,1.1738,44.6275,12.2758,14.1894,731.42,0.608,44
-39.4033,0.5558,0.3003,-0.0594,156.3008,90.0641,-3.5832,28.7533,3.0099,1.0294,45.0908,11.9025,6.4021,731.7,0.7558,42
-37.8174,0.5158,0.2286,-0.0483,163.2625,94.1152,-1.9296,28.9033,3.2745,0.8169,45.4917,11.399,3.3043,731.9258,0.9473,42
-27.5755,0.5125,0.2225,-0.0458,168.9758,97.9677,-1.2933,29.3108,3.9293,0.6394,45.4267,11.4959,0.7985,732.1025,1.0775,40
-23.8234,0.4958,0.212,-0.062,180.5875,102.7913,-1.446,29.9967,4.7742,0.6268,44.4725,12.8433,-1.4866,732.2567,1.1394,46
-27.6541,0.5008,0.2142,-0.0749,190.9283,105.7425,-1.6748,30.855,5.5079,0.6901,42.995,14.5029,-2.3405,732.3542,1.1204,51
-28.1744,0.5825,0.3451,-0.0859,200.3975,107.6596,-1.8978,31.9217,6.1279,0.7613,40.6758,16.2923,-0.2977,732.3575,1.1176,54
-32.8147,0.6017,0.3557,-0.0957,206.8642,108.0528,-2.2136,33.105,6.6335,0.8462,38.0133,17.9173,3.2843,732.2875,1.2156,55
-38.9222,0.715,0.4204,-0.1302,200.2633,101.2026,-2.6445,34.4367,6.8855,0.9691,34.7108,19.0027,6.7496,732.1608,1.4144,56
-43.1514,0.7867,0.432,-0.1333,211.5683,89.1138,-3.1224,35.8342,6.6522,1.1081,31.0717,18.7689,8.8048,731.9758,1.6764,56
-41.9705,0.8883,0.4396,-0.0856,222.1617,72.6673,-3.4548,37.1017,5.8464,1.2099,27.4075,16.798,8.9516,731.73,1.9297,60
-39.0493,0.9675,0.4073,-0.0193,221.3983,73.4791,-3.8823,38.185,4.4041,1.4781,23.7467,12.1527,8.2369,731.4617,2.0855,67
-35.589,1.0475,0.3554,0.1722,230.2033,55.5351,-4.0619,38.8908,3.0701,1.858,21.2358,8.091,7.4537,731.1883,2.107,69
-29.3488,1.125,0.3485,0.1435,221.0575,57.346,-2.3935,39.0333,2.8186,1.5431,20.4508,6.7882,6.8685,730.9192,1.9845,79
-22.271,1.1458,0.3338,0.1183,215.1308,57.1922,-0.6041,38.8733,3.0709,0.5714,20.5875,7.0521,5.7924,730.6883,1.7756,97
-12.995,1.1167,0.3668,0.0925,208.47,55.6104,-0.0046,38.4783,3.5154,0.0791,21.4517,8.4118,4.6328,730.5017,1.5385,85
-7.4397,1.1208,0.3605,0.0536,197.0575,52.4611,-0.1838,37.7567,4.1408,0.095,23.315,10.5424,3.8592,730.3342,1.2862,68
-5.0948,1.1242,0.356,0.0057,186.9525,47.4176,-0.5537,36.9025,4.625,0.2156,25.4017,11.9649,3.1982,730.2275,1.1319,61
-9.9049,1.0117,0.4311,0.0174,187.5025,48.452,-0.9268,35.8492,4.9603,0.3426,28.1533,13.226,3.3562,730.2042,1.1095,58
-10.8782,0.9458,0.4982,-0.0278,171.0908,57.3772,-1.2298,34.635,5.0059,0.4278,31.5717,14.1204,3.8372,730.2683,1.1335,53
-11.6392,0.835,0.4972,-0.0355,153.9308,55.2225,-1.4056,33.295,4.7208,0.4446,35.7267,14.6293,3.9536,730.4033,1.1184,44
-10.9736,0.7575,0.499,-0.0424,143.6517,61.9721,-1.4101,31.9458,4.2151,0.4134,39.7167,14.2111,3.2819,730.5958,1.0147,37
-11.4205,0.6475,0.4724,0.0035,158.7283,81.7207,-1.6004,30.735,3.7613,0.433,43.5525,13.7167,3.0484,730.8375,0.8178,43
-13.4662,0.5617,0.4518,-0.0062,157.065,82.2964,-2.1208,29.74,3.4545,0.5447,47.1783,13.2788,5.9365,731.1,0.6062,51
-15.8123,0.4792,0.4088,0.0034,162.5,83.6067,-2.68,29.0283,3.0013,0.7034,50.3125,11.7403,9.6616,731.3792,0.5853,53
-15.301,0.405,0.2706,0.0327,173.8375,91.3115,-1.7011,28.8042,2.6558,0.5558,51.4925,10.081,10.863,731.64,0.7514,55
1.7642,0.36,0.2004,0.0516,177.1892,92.3559,1.5617,28.9125,2.8579,-0.0776,51.8642,9.5218,13.4547,731.8617,0.9351,54
23.0413,0.3733,0.2178,0.0667,184.1142,95.7523,2.7585,29.2792,3.5143,-0.6209,51.0767,10.8967,12.7858,732.0392,1.0588,54
29.7871,0.3792,0.2244,0.06,192.4758,96.7146,1.993,29.9392,4.326,-0.5259,49.4767,12.9717,11.5017,732.1733,1.0886,54
29.7134,0.3883,0.2375,0.0541,197.29,96.2306,1.2432,30.7583,5.0731,-0.3615,47.6258,14.9727,11.1086,732.2425,1.0627,55
20.0196,0.4358,0.2381,0.0696,189.815,92.8885,0.6488,31.7925,5.7351,-0.2021,45.1842,16.8154,10.7758,732.2417,1.0636,55
18.5615,0.4567,0.2188,0.0726,190.4542,91.9601,0.1021,33.0367,6.3174,-0.0454,42.1583,18.1775,9.5909,732.155,1.1925,49
-6.289,0.5258,0.263,0.0423,208.9658,87.4152,-0.4574,34.3733,6.5817,0.147,38.385,18.7037,9.0803,732.0092,1.4097,43
-21.4806,0.6175,0.3519,0.0586,217.7533,75.32,-1.0678,35.6983,6.4009,0.346,34.8483,18.2611,9.02,731.815,1.6621,37
-25.7584,0.7383,0.417,0.1028,202.5442,68.0298,-1.6408,36.8475,5.6762,0.5281,31.6567,16.3333,8.5148,731.58,1.8857,26
-29.6845,0.8117,0.3926,0.1302,204.7233,65.7151,-2.3804,37.8208,4.5074,0.791,28.6775,12.76,8.0182,731.3275,2.015,26
-31.9414,0.8467,0.3581,0.1296,198.8333,67.8954,-3.6645,38.52,3.2864,1.4865,26.3175,8.3418,8.0524,731.0483,2.014,33
-30.2144,0.8742,0.3531,0.1167,187.6983,61.7899,-3.2705,38.7517,2.8875,1.3722,25.6842,7.3022,8.1385,730.7767,1.8804,21
-14.6232,0.9833,0.4119,0.086,182.6467,61.0697,-1.4491,38.7158,2.9404,0.5058,25.5342,7.0375,6.5943,730.5725,1.6638,26
-5.3425,1.1192,0.5487,0.0284,174.0867,55.3951,-0.8163,38.4442,3.2233,0.2461,26.7225,8.5503,4.6713,730.4408,1.4603,32
-3.557,1.1167,0.5509,-0.0044,169.9267,51.2953,-0.7524,37.9842,3.5731,0.2378,28.5,10.1217,3.8374,730.3425,1.3062,43
-3.0721,1.08,0.5862,-0.0103,171.2167,52.5681,-0.8449,37.325,3.9348,0.2818,30.7308,11.389,3.4845,730.2958,1.247,47
-2.5616,1.1058,0.5757,-0.0008,178.2517,59.8822,-1.102,36.8775,3.8013,0.3767,32.2192,11.019,2.3254,730.5533,1.6489,41
-2.395,1.1625,0.5312,0.0061,193.9775,50.7758,-1.5116,36.3958,3.3753,0.4791,33.3942,10.1165,1.7138,730.8817,1.8819,37
-2.3188,1.1608,0.5316,0.0099,191.995,47.3878,-1.8822,36.03,2.8343,0.5647,34.3825,8.7663,0.9903,731.2267,1.9336,41
-1.7624,1.1483,0.5271,-0.0429,202.0967,51.0125,-2.0349,35.8775,2.5372,0.5774,34.5925,8.3864,-0.1142,731.5342,1.8043,35
-2.2596,1.1242,0.5118,-0.0989,211.9817,52.0713,-2.7485,36.0608,2.8433,0.7956,34.04,9.2079,-0.5428,731.7592,1.5787,31
0.8132,1.0892,0.5277,-0.1331,221.3125,49.3136,-2.9779,36.5275,3.3782,0.9173,32.8817,10.4645,1.1162,731.8692,1.416,44
3.4306,1.0858,0.5305,-0.1328,226.44,43.643,-2.7308,37.1683,3.8327,0.8786,31.3333,11.6289,3.0659,731.8667,1.4202,50
7.872,1.02,0.5879,-0.1671,238.8133,44.6584,-2.8527,37.9225,4.1519,0.9297,29.5217,12.566,5.2213,731.7525,1.5911,48
8.113,0.9008,0.5642,-0.089,239.5525,43.4652,-2.8916,38.6033,4.1588,0.9292,27.7283,12.8518,5.3457,731.5392,1.7924,50
1.1109,0.8517,0.4499,-0.0138,238.7658,44.8594,-2.8108,38.9225,3.913,0.924,26.4717,11.9877,4.9361,731.3017,1.8848,54
3.6221,0.9125,0.4649,-0.0069,234.3467,50.7264,-2.7798,39.175,3.5995,0.9653,25.2533,10.5431,4.3387,731.1242,1.9136,55
10.1418,0.9833,0.4345,-0.0277,227.3608,56.365,-2.9437,39.4683,3.0793,1.135,24.0258,8.3164,3.9614,731.0267,1.9136,56
8.5062,0.95,0.4464,-0.0608,219.285,55.8436,-2.2862,39.3558,3.2401,0.8926,24.0733,8.3952,3.4021,730.775,1.6571,56
6.758,0.9,0.4667,-0.074,213.0758,56.3974,-1.6525,39.0,3.6912,0.6004,25.0625,9.8188,2.895,730.5983,1.404,56
6.0566,0.88,0.4654,-0.096,202.8433,57.1874,-1.5198,38.4667,4.1436,0.5297,26.6167,11.3469,3.0405,730.4758,1.2031,56
4.764,0.785,0.4917,-0.0612,180.0075,75.4781,-1.361,37.7783,4.4608,0.4719,28.7408,12.2985,3.246,730.4092,1.111,56
7.2391,0.7008,0.4792,-0.0427,162.4275,76.5943,-1.0214,36.8808,4.6874,0.3176,31.6092,13.4044,3.5856,730.4042,1.1071,55
5.9871,0.6783,0.4868,-0.0135,165.0075,80.1951,-1.0127,35.8258,4.6926,0.3092,34.8358,13.8723,3.734,730.4633,1.1168,53
3.6253,0.6442,0.5031,-0.0224,155.8175,81.5939,-1.3497,34.6533,4.4422,0.3997,38.675,14.0891,3.9825,730.5708,1.0794,49
0.9265,0.6875,0.4824,-0.0011,131.4308,75.2029,-1.1759,33.395,3.7726,0.3279,42.5783,12.9616,2.5212,730.7458,0.9522,40
-1.9136,0.6867,0.483,-0.0027,120.4492,77.9759,-1.0427,32.1983,2.908,0.2717,46.355,11.0877,0.1931,730.9567,0.7499,50
1.6615,0.5642,0.3679,0.0022,117.0917,77.2294,-1.0937,31.3542,2.6881,0.2837,49.4642,10.759,-2.2284,731.165,0.5842,55
-0.5349,0.4633,0.2945,0.021,130.0525,92.6112,-1.6222,30.8317,2.3407,0.4198,51.6533,9.5716,1.3063,731.4033,0.5784,47
-2.7754,0.4075,0.2024,0.0219,129.7125,92.5605,-1.6042,30.69,2.115,0.5698,52.7967,8.1545,4.352,731.6533,0.7519,33
4.3269,0.4125,0.2081,0.0323,136.5775,98.7703,-0.1686,30.8708,2.4717,0.2973,52.8042,8.1411,4.4474,731.8733,0.9501,34
8.483,0.4658,0.2784,0.0392,138.7467,99.8466,0.5384,31.2842,3.0756,-0.0172,51.9683,9.4516,4.5279,732.0225,1.0637,38
12.8908,0.4833,0.3043,0.0417,148.03,104.7906,0.7127,31.87,3.7841,-0.1473,50.6175,11.2557,4.651,732.1217,1.106,38
9.4256,0.5567,0.3161,0.0317,169.3092,98.5721,0.6911,32.6017,4.5181,-0.2014,48.8208,13.4088,4.2731,732.1825,1.0979,33
5.4041,0.5958,0.3122,0.0135,184.3925,94.5992,0.469,33.5125,5.1224,-0.1491,46.3717,15.1176,2.6994,732.1808,1.0994,37
2.9381,0.655,0.3341,0.0231,183.0375,93.2028,0.2863,34.565,5.5705,-0.0964,43.5917,16.3715,1.6945,732.1142,1.1912,37
1.4551,0.7033,0.3086,0.0218,190.4917,89.1912,0.1243,35.69,5.7302,-0.0419,40.2433,16.6609,1.6086,731.9883,1.3888,36
-5.0174,0.7692,0.3757,0.0235,202.9725,73.2061,-0.1779,36.7833,5.5329,0.059,37.15,16.1167,2.2947,731.7825,1.6775,37
-5.7583,0.8775,0.4236,0.0299,213.1183,56.5586,-0.3455,37.715,4.8837,0.1112,34.4642,14.4957,1.9024,731.5233,1.9501,46
-4.683,0.9892,0.4306,0.0448,222.25,48.376,-0.5227,38.4308,3.844,0.1708,32.0517,11.1729,1.5955,731.2925,2.0666,49
-6.6666,1.0892,0.3572,0.0579,211.7408,43.3171,-0.0854,38.3458,4.0438,0.0084,32.535,12.3556,1.6964,731.0542,2.0554,53
-1.3962,1.1125,0.3264,0.1001,217.4158,37.8813,0.6749,37.9667,4.6517,-0.2444,34.0233,14.9452,1.8042,730.8167,1.9204,63
6.4903,1.1092,0.3311,0.127,208.2792,39.4868,0.9514,37.2867,5.373,-0.316,36.5258,17.7074,1.2203,730.6442,1.723,84
8.5011,1.0467,0.3952,0.0318,220.6775,55.1686,0.9767,36.5225,5.899,-0.3152,39.2683,19.4969,-0.0123,730.5575,1.5929,83
9.3253,0.9917,0.4399,0.0363,208.7608,61.8181,0.9491,35.6275,6.2246,-0.3068,42.1342,20.3391,-1.5184,730.5058,1.5169,71
10.5204,0.94,0.4701,0.037,199.9742,61.8831,0.9507,34.5233,6.384,-0.306,45.9133,20.8549,-3.0629,730.47,1.477,61
11.4089,0.9533,0.4676,0.029,194.4725,60.8361,0.866,33.2875,6.3062,-0.2722,50.3617,21.173,-3.5769,730.4783,1.4815,56
10.1214,0.8808,0.5052,0.0114,186.1983,56.2616,0.7894,31.945,5.8745,-0.2432,55.0733,20.4375,-3.4786,730.5233,1.4796,40
10.372,0.8542,0.5171,0.0181,176.2217,65.847,0.8067,30.5458,5.0994,-0.241,60.0433,18.5674,-3.2806,730.6425,1.4307,27
11.3996,0.7542,0.5022,0.0193,167.4133,73.0809,1.3753,29.1908,3.9693,-0.3593,64.72,15.461,-4.1179,730.8517,1.2774,34
9.8002,0.645,0.4333,0.0092,160.02,77.5586,1.4123,28.0192,2.7162,-0.3528,68.8392,11.4383,-4.0009,731.1242,0.999,30
3.289,0.5458,0.3171,0.0141,168.92,89.73,-1.4295,27.1458,1.3324,0.1496,72.33,6.2305,-0.3514,731.3883,0.8054,30
-3.793,0.4808,0.2061,-0.0054,156.6792,97.6019,-2.1688,27.0275,1.2581,0.0861,72.4433,6.0883,4.397,731.6525,0.7734,39
-0.758,0.4508,0.1839,-0.026,139.4567,104.6958,1.9045,27.1908,1.5783,-0.549,70.8808,9.1751,6.9754,731.89,0.8589,50
2.7898,0.4342,0.1758,0.0192,152.2158,114.2471,4.6488,27.6367,2.3673,-0.9134,68.34,12.9716,10.9219,732.04,0.9758,55
7.3586,0.45,0.1742,0.0569,139.335,99.0704,4.6039,28.2533,3.283,-0.9616,65.565,16.2245,13.6321,732.1,1.0273,51
16.8379,0.4875,0.1958,0.0613,146.4183,99.7972,3.791,28.97,4.0965,-0.8755,62.8908,18.7512,14.7549,732.1133,1.0336,38
13.6888,0.5042,0.1953,0.0635,151.7567,101.6066,2.7374,29.9325,4.9213,-0.7153,59.4033,20.9577,14.2679,732.1042,1.0356,42
54.3387,0.4767,0.1499,0.0652,155.21,103.062,1.9046,31.0983,5.6635,-0.5633,54.9358,22.5284,11.9681,732.055,1.0845,45
7.3636,0.5333,0.1727,0.0623,156.9708,103.5313,0.985,32.4042,6.2351,-0.3601,49.9967,23.4651,10.1224,731.9658,1.2261,42
3.0931,0.5392,0.172,0.0324,171.0658,101.2241,0.0496,33.8283,6.5293,-0.1249,44.685,23.2767,9.4668,731.8042,1.4833,38
-28.9564,0.6075,0.2134,-0.0082,191.6475,102.0449,-0.6626,35.3233,6.5096,0.0791,39.37,22.052,8.1427,731.5633,1.7946,42
-45.571,0.6675,0.2303,-0.0428,212.9042,101.8373,-1.3635,36.7108,5.9432,0.2983,34.1508,19.4663,7.8613,731.2617,2.0698,49
-54.0499,0.6925,0.2203,-0.0607,212.6058,101.4918,-2.319,37.8342,4.9119,0.7341,29.2533,14.486,8.0164,730.905,2.2424,44
-44.1395,0.6808,0.23,-0.0665,221.625,88.801,-3.4786,38.4925,3.8574,1.6216,26.2417,9.6049,8.5427,730.5367,2.2294,71
-43.6699,0.7092,0.218,-0.0752,235.7542,62.4947,-3.639,38.72,3.4613,2.2929,24.8833,7.4556,9.3097,730.1975,2.0572,90
-27.871,0.7442,0.2036,-0.1432,224.475,61.301,-2.4799,38.6483,3.5741,1.9145,24.6042,7.0157,9.146,729.9275,1.7909,66
-12.6011,0.76,0.1926,-0.1192,222.3083,62.7759,-1.675,38.3475,3.9318,1.3586,24.8183,7.3077,8.4061,729.7183,1.5106,58
-13.7553,0.7475,0.1945,-0.094,220.1442,64.0939,-1.0495,37.8608,4.3908,0.7756,25.4233,8.106,7.5458,729.5383,1.2553,49
-5.0241,0.7142,0.2461,-0.0914,221.8142,64.2056,-0.9764,37.1217,4.8448,0.5546,26.6492,9.3659,7.0917,729.395,1.07,30
-4.6894,0.6758,0.291,-0.0912,218.9125,65.123,-1.1681,36.1392,5.1677,0.5335,28.6625,10.7929,6.4943,729.3058,0.9971,27
-4.8348,0.6167,0.309,-0.0926,220.7158,64.7117,-1.1883,35.01,5.2024,0.4842,31.15,11.5691,6.5615,729.2742,0.992,20
-3.72,0.5833,0.3349,-0.0883,218.3892,64.7722,-0.8513,33.7458,4.9491,0.295,34.0983,11.9121,6.1192,729.2992,0.9825,13
-0.8956,0.5117,0.3076,-0.0708,200.7583,66.507,-0.787,32.3725,4.308,0.2079,37.5608,12.0005,6.0613,729.3792,0.9203,25
5.2874,0.44,0.2693,-0.0621,187.6283,54.3751,-0.5482,31.0967,3.5225,0.1194,41.1442,11.3491,5.4767,729.5158,0.7948,23
11.6504,0.4083,0.254,-0.0067,170.5875,36.656,0.386,30.035,2.8216,-0.1041,44.6758,10.6624,3.6652,729.6892,0.6341,14
7.4788,0.395,0.2567,0.0917,185.3317,52.4865,1.0016,29.5758,2.3746,-0.0892,46.5575,9.7156,7.8335,729.8717,0.606,12
20.1575,0.38,0.239,0.1541,192.0317,55.4824,3.4245,29.5983,2.4136,-0.3555,47.4117,8.6998,15.2177,730.035,0.7164,22
29.4369,0.37,0.221,0.1664,195.9967,55.3941,3.2297,29.8633,2.8727,-0.5126,47.3892,8.7336,13.4499,730.1483,0.8507,31
19.5542,0.4117,0.3103,0.1595,204.7433,58.5072,2.3546,30.3475,3.6225,-0.5268,46.8033,9.6786,11.9794,730.2233,0.9382,39
11.6897,0.4692,0.4001,0.1365,212.485,59.4843,1.5092,31.0158,4.3881,-0.3997,45.5825,11.3718,11.096,730.2825,0.976,47
-0.5611,0.5725,0.4688,0.1106,214.7892,60.843,0.4212,31.875,5.0998,-0.0386,43.6958,13.4386,10.9231,730.2992,0.9747,54
-0.4708,0.5983,0.4531,0.1179,216.0092,60.3282,-0.2918,32.9183,5.6719,0.1978,41.2558,15.1837,12.0613,730.2667,1.0016,56
-1.0578,0.6275,0.4375,0.0759,220.7133,62.2994,-0.9465,34.1,6.1171,0.4084,38.4208,16.7004,12.9307,730.1742,1.1329,56
-3.5552,0.6692,0.4132,0.0962,219.1858,62.9144,-1.6638,35.4008,6.2983,0.633,35.15,17.6025,12.9593,730.03,1.354,56
-5.7666,0.7133,0.3928,0.1434,227.4833,51.8976,-2.1876,36.795,6.1294,0.7979,31.3567,17.4082,10.9816,729.83,1.6289,57
-6.2081,0.765,0.3614,0.1872,229.1492,50.3643,-2.9181,38.1317,5.4474,1.0162,27.5017,15.9833,9.9745,729.5842,1.8682,61
-3.5402,0.7883,0.3431,0.3456,235.185,40.869,-4.9816,39.1667,4.1164,1.7985,23.7342,12.3271,10.0783,729.3192,2.0132,58
17.9532,0.7917,0.3382,0.3556,224.3033,35.3755,-5.0419,39.6967,3.1421,2.4343,21.1708,8.9696,9.8467,729.05,2.0158,57
27.8178,0.8058,0.333,0.2207,215.535,39.9193,-1.5611,39.6467,3.2378,2.025,19.7867,6.7965,8.0261,728.8042,1.8928,60
26.1025,0.86,0.3673,0.1813,210.895,42.6705,-0.4986,39.425,3.5616,1.5821,19.0258,5.5342,6.797,728.6108,1.6953,63
20.4936,0.8883,0.4045,0.0727,202.235,39.5978,-0.6259,38.9975,3.9849,1.0431,19.1642,5.7899,5.7413,728.4617,1.4843,67
19.4061,0.8742,0.3911,-0.0437,194.895,35.7181,-1.1683,38.4317,4.3682,1.0808,19.7733,6.6201,5.6063,728.3333,1.2948,65
23.5833,0.8325,0.3546,-0.1719,185.8042,30.7845,-1.7312,37.6533,4.7412,1.3431,20.8892,7.5779,7.7285,728.2392,1.1839,59
18.7362,0.84,0.3476,-0.229,182.1533,31.8034,-2.183,36.6875,5.0097,1.4851,22.4792,8.6472,9.1395,728.1958,1.1545,57
6.2282,0.8175,0.3734,-0.6221,172.85,16.9284,-2.4781,35.545,5.0441,1.4603,24.8142,9.8261,9.488,728.2242,1.1572,57
-2.4841,0.7833,0.4046,-0.1939,158.715,46.092,-2.5865,34.2792,4.8095,1.3438,27.5967,10.6207,8.8763,728.3125,1.1256,53
-6.4467,0.7425,0.4279,-0.1609,142.67,61.0817,-3.349,32.9425,4.192,1.3908,30.705,10.8778,9.689,728.4833,1.015,40
-8.2941,0.7083,0.4367,-0.163,131.0917,63.8801,-4.6799,31.6233,3.3794,1.4519,33.9517,10.7643,11.2294,728.6967,0.8352,43
-10.7464,0.6783,0.4524,-0.1415,121.1875,62.1424,-4.7388,30.5992,2.9056,1.2376,37.0817,10.7682,9.083,728.9275,0.6388,48
-17.6838,0.6908,0.4441,-0.0968,117.13,59.4599,-4.0885,30.01,2.4429,0.9938,39.4575,10.0859,0.8104,729.1617,0.605,50
-14.7219,0.7175,0.4568,-0.0592,119.9525,61.6137,-2.7146,29.9142,2.3332,0.7969,41.0192,9.0548,-0.7342,729.38,0.7556,55
-9.7899,0.67,0.413,-0.0206,123.605,65.131,-0.7971,30.0267,2.5162,0.5108,42.0783,7.7811,0.9638,729.5433,0.9297,56
-0.8318,0.6192,0.331,0.0167,131.8925,75.8504,0.5109,30.3792,3.1194,0.0894,42.2342,7.561,2.4741,729.6467,1.0264,56
6.7293,0.5992,0.3032,0.028,142.83,89.4411,0.7572,30.88,3.8216,-0.1953,41.9642,7.9827,2.7559,729.7167,1.0545,49
7.8313,0.605,0.3101,0.0232,153.8283,97.8402,0.5065,31.6283,4.6074,-0.1947,41.285,8.9895,2.5929,729.7533,1.0428,45
6.5554,0.6342,0.3198,0.0174,165.3225,104.9512,0.2852,32.5875,5.3163,-0.1121,39.9608,10.5969,2.4808,729.7392,1.0574,52
6.2668,0.6342,0.3198,0.0134,175.7233,110.0332,0.138,33.7,5.8429,-0.0484,38.0083,12.0423,2.096,729.6625,1.1723,62
6.8126,0.6517,0.3031,0.0102,191.4867,99.0142,-0.0465,34.8983,6.0685,0.0347,35.7417,12.8887,2.1019,729.5192,1.4018,65
10.311,0.6683,0.2873,-0.001,212.0575,82.2184,-0.3892,36.1417,5.988,0.1949,33.1983,13.0924,3.241,729.2967,1.6914,67
11.5985,0.6942,0.2766,0.0188,222.84,67.7775,-0.5528,37.3375,5.3856,0.2763,30.5542,12.3249,3.5065,729.025,1.9455,77
14.3676,0.7392,0.248,0.0123,244.165,58.3855,-0.8155,38.355,4.2634,0.4103,28.0,10.1149,3.4573,728.7475,2.0808,77
16.6066,0.7342,0.2541,0.0314,245.2783,56.3866,-1.2054,39.005,3.2394,0.6588,26.02,7.7574,3.5628,728.4375,2.0945,72
13.0855,0.7425,0.2667,0.0388,244.7625,56.9912,-1.1196,39.1525,2.9499,0.7059,25.5258,6.7672,3.7887,728.1317,1.9539,70
9.908,0.7033,0.2876,0.0508,249.8442,55.9025,-0.7328,39.0317,3.1567,0.5809,25.4033,6.5542,4.1878,727.8475,1.6978,70
6.1577,0.665,0.2841,0.0284,239.2792,62.8931,-0.4971,38.6075,3.6809,0.3699,25.9925,7.4064,4.2816,727.6317,1.4065,71
3.5731,0.5958,0.311,0.0138,230.2042,60.4671,-0.2668,37.9867,4.2334,0.191,27.0858,8.552,3.9262,727.4575,1.1427,61
0.0396,0.5733,0.29,0.0172,208.5,80.1463,-0.1093,37.1342,4.711,0.0593,28.8967,10.0769,3.454,727.34,0.9744,49
-2.1306,0.5558,0.2757,0.0046,186.0158,90.8973,-0.2413,36.1108,4.9715,0.1125,30.9025,10.6433,3.1709,727.2792,0.9161,61
-3.1123,0.56,0.2718,-0.0175,165.0283,94.5187,-0.6598,34.9558,4.9723,0.287,33.135,10.699,3.2872,727.2767,0.9153,60
-5.6467,0.5533,0.2754,-0.0316,148.5808,102.9111,-1.1074,33.72,4.7545,0.4657,35.7067,10.6095,3.7096,727.34,0.8973,37
-9.4228,0.5417,0.2812,-0.028,135.4417,98.9585,-1.2111,32.3942,4.292,0.4865,38.7958,10.4493,2.9234,727.4808,0.8141,52
-11.4858,0.5083,0.2818,-0.0291,128.5783,98.3665,-1.6472,31.1392,3.7444,0.6358,42.1475,10.2348,3.1715,727.6875,0.671,44
-13.5616,0.46,0.2738,-0.0042,115.065,78.3693,-2.2674,30.0792,3.2403,0.7997,45.2883,9.8556,5.1716,727.9017,0.5786,42
-16.1054,0.4483,0.279,0.0045,114.3217,78.0917,-2.9114,29.3717,2.5845,1.0092,47.835,8.3102,5.3556,728.1608,0.6478,47
-30.5396,0.3725,0.1736,0.005,104.6475,77.1005,-2.6174,29.2375,2.3802,0.9717,48.2883,7.8628,4.2777,728.4233,0.8762,44
-32.2488,0.3667,0.1758,0.0366,104.6175,77.0378,-1.2473,29.41,2.7091,0.654,48.0508,8.2543,3.6984,728.6592,1.0709,45
-14.3513,0.3958,0.2165,0.0414,115.2467,89.2722,-0.2526,29.8625,3.4613,0.3173,47.2292,9.4811,3.638,728.825,1.1873,50
-28.0307,0.4217,0.1973,0.0423,120.5208,95.5801,-0.2361,30.15,3.6841,0.2251,45.6975,11.5486,0.5655,727.6117,4.3084,49
-23.0374,0.4075,0.18,0.0144,134.0517,92.6002,-0.8431,31.1458,4.9054,0.3729,43.5608,13.3905,0.5602,727.6283,4.3111,51
-9.7529,0.4542,0.2876,-0.0095,155.0208,93.2183,-0.8352,32.28,5.8234,0.3583,41.4183,14.9743,0.5878,727.5675,4.3127,47
-4.8866,0.6392,0.6429,-0.0241,177.0483,93.1546,-0.9398,33.1083,5.9467,0.3812,40.1642,15.1935,0.6179,727.475,4.3241,43
-5.6498,0.6725,0.6384,0.0083,181.5892,85.8317,-0.6208,33.1425,5.9171,0.1908,40.8508,15.7742,0.4434,727.5958,4.3414,45
-5.1854,0.6892,0.6321,0.0142,188.4808,81.7063,-0.4225,33.2125,5.8447,0.0863,41.4192,16.3931,0.362,727.7108,4.3622,50
-2.3021,0.6817,0.6369,0.0374,195.6675,77.2191,0.1382,33.2617,5.786,-0.1388,42.4125,17.786,0.194,727.8033,4.3856,62
1.4166,0.6658,0.6499,0.0584,189.1092,82.1754,0.7798,33.2525,5.7977,-0.301,44.2658,20.599,-0.0239,727.885,4.4127,68
2.5827,0.7125,0.6391,0.0669,179.9567,92.6458,1.0679,33.065,5.9918,-0.3322,46.1133,22.5043,-0.232,727.9075,4.4228,69
4.1366,0.7558,0.6251,0.0909,176.53,97.6663,1.1204,32.49,6.3594,-0.3157,49.4567,24.6423,-0.4992,727.8417,4.389,63
5.8481,0.8258,0.6137,0.0766,155.9717,102.6461,1.0312,31.6842,6.5727,-0.2829,53.1583,25.2892,-0.8003,727.7267,4.3287,62
5.6998,0.8025,0.6184,0.0561,135.085,102.9363,0.787,30.6617,6.5459,-0.2184,57.165,25.0261,-1.0981,727.5992,4.2663,60
6.4258,0.7858,0.6314,0.0503,123.1183,95.8112,0.6603,29.8008,6.6627,-0.1717,62.5333,24.0282,-5.0906,728.84,1.0329,61
6.0809,0.77,0.6392,0.0504,113.9375,94.4469,0.834,28.285,5.746,-0.1862,68.7383,22.0498,-5.0925,728.8958,1.0262,62
4.7876,0.6833,0.6387,0.0396,95.29,82.5206,0.757,26.6708,3.8242,-0.1099,75.4808,17.8205,-4.2931,729.095,0.8844,55
-1.5267,0.4958,0.3077,-0.0034,99.6742,93.7971,-1.081,25.4533,1.4244,0.0761,81.0992,12.6814,-2.6247,729.4,0.4239,24
1.0533,0.4608,0.2982,-0.0054,96.33,95.7668,-0.0452,25.26,1.1755,-0.0612,83.2842,10.5436,-3.8052,729.5533,0.5281,20
0.4025,0.4483,0.2978,-0.0125,82.1967,95.445,0.0872,25.4458,1.613,-0.0379,82.7375,11.7329,-0.6762,729.7367,0.7024,24
-3.4086,0.4475,0.2984,0.017,96.635,119.951,1.407,25.9067,2.446,-0.2205,80.64,15.224,2.442,729.9292,0.8826,29
-5.9868,0.4875,0.2736,0.0233,102.6392,121.4037,1.8632,26.5883,3.3089,-0.3113,77.2033,18.4773,4.3662,730.0817,0.9962,35
6.8579,0.5233,0.3359,0.0287,114.8792,120.8277,1.923,27.4083,4.1552,-0.355,73.9575,21.1869,5.4152,730.1775,1.04,33
10.2972,0.5658,0.3941,0.0286,129.2317,118.7102,1.6182,28.4242,4.9493,-0.3266,69.78,23.7901,5.2999,730.2283,1.0323,21
13.7434,0.4925,0.367,0.0259,142.46,114.4163,1.3124,29.6342,5.7984,-0.2922,65.5167,26.3977,4.0826,730.2217,1.038,19
14.1779,0.5025,0.37,0.0243,153.7017,108.1688,1.1313,30.9292,6.3726,-0.2657,61.2058,28.2402,2.4289,730.1575,1.1311,25
13.2047,0.5192,0.3609,0.0239,167.7958,113.2965,1.0971,32.1442,6.358,-0.2556,56.2158,28.4428,0.746,730.0525,1.3016,22
12.3415,0.575,0.3845,0.0225,179.345,110.5417,1.1871,33.0675,5.8488,-0.2797,51.4383,26.1631,-0.0126,729.9608,1.4018,26
9.869,0.6308,0.376,0.0121,195.8567,104.5208,1.2057,33.6525,5.1737,-0.3018,46.5017,21.7378,-0.1316,729.9417,1.4093,27
-4.6985,0.7125,0.4009,0.0442,180.5992,93.6223,1.472,34.2508,4.367,-0.2392,41.3592,15.2726,2.3671,729.7608,1.514,18
-12.3701,0.7675,0.3926,0.0366,194.4558,80.5292,2.4019,34.3858,4.1241,-0.6956,39.245,10.118,4.0709,729.5917,1.5108,19
-7.0636,0.7675,0.3926,0.0995,202.4358,64.714,2.8856,34.1175,4.5042,-0.9489,40.0825,11.7182,4.46,729.4692,1.4219,18
-2.2544,0.8017,0.3599,0.163,185.905,44.9763,3.02,33.67,4.9282,-0.9628,41.7575,13.793,2.0033,729.4258,1.3589,12
-4.5468,0.9392,0.5127,0.1914,185.9733,44.9449,2.974,33.2283,5.1146,-0.9551,43.025,14.4714,-1.395,729.4725,1.4406,11
-7.1837,0.9117,0.504,0.2055,185.9683,44.946,2.7928,32.5458,5.2739,-0.8996,44.835,15.2604,-3.5242,729.5925,1.6251,11
-4.3843,0.8125,0.534,0.2138,178.7742,50.242,2.7973,31.6208,5.285,-0.8824,47.625,15.8522,-4.7287,729.7733,1.8096,10
2.7613,0.8158,0.5305,0.1809,166.4408,65.0528,2.9559,30.4333,4.8373,-0.8579,51.3892,15.8042,-4.9082,730.0192,1.9253,12
4.829,0.7908,0.5437,0.1865,162.6542,66.9794,3.3595,29.1433,3.8843,-0.743,55.8925,15.5743,-4.3171,730.3267,1.9096,19
9.0414,0.785,0.5481,0.1707,151.8767,55.8018,3.9112,27.9908,2.7487,-0.5798,60.6992,14.997,-3.2004,730.7,1.7519,22
6.6822,0.7283,0.5539,0.1225,148.62,53.0258,2.6937,27.1408,1.9903,-0.3019,64.9633,15.263,-0.8996,731.0767,1.6065,24
5.4616,0.7092,0.5523,0.0499,144.025,46.2131,0.618,26.6525,1.8149,-0.0356,68.9617,14.6883,0.9347,731.3883,1.5904,25
6.7987,0.63,0.5326,0.0547,141.1883,45.7304,2.101,26.0883,1.3287,-0.1574,73.7425,12.4599,0.5415,731.85,1.2928,29
7.9921,0.5817,0.5221,0.0662,138.4142,43.7497,2.4602,26.0192,1.2744,-0.2448,75.4625,11.6446,-1.3676,732.2875,1.0059,29
8.3702,0.5792,0.5231,0.0339,148.7258,48.3832,0.669,26.3092,1.6869,-0.1565,74.7983,12.3942,-3.5472,732.6483,0.832,13
7.8849,0.5842,0.5238,-0.0142,159.5208,62.2603,-0.6645,26.7617,2.3426,0.0247,73.1642,14.4648,-4.7681,732.8967,0.81,24
13.2299,0.4142,0.223,-0.0321,168.4658,69.7616,-1.275,27.1992,3.045,0.1834,71.8225,16.4591,-4.6032,733.0392,0.8218,25
9.1129,0.3433,0.1824,-0.0188,160.1108,74.1707,-1.2117,27.8783,3.8553,0.2365,69.7242,19.0689,-4.1218,733.0883,0.8122,28
1.8529,0.3975,0.2006,-0.0195,166.2208,72.3073,-1.1428,28.76,4.575,0.2382,66.89,21.7154,-3.1642,733.0792,0.8192,27
2.1617,0.4092,0.1969,-0.0259,178.6158,59.3807,-1.026,29.85,5.2506,0.2252,63.3633,23.9396,-1.4041,733.0025,0.9289,26
3.0632,0.465,0.2621,-0.0157,181.7542,56.5038,-0.7399,31.03,5.6636,0.1766,59.0217,25.243,-0.698,732.8783,1.1407,24
5.4438,0.5133,0.2869,-0.0161,181.3775,56.6872,-0.5353,32.2325,5.7695,0.1374,54.1258,25.3685,-0.8973,732.6692,1.4691,22
8.0343,0.5392,0.2859,-0.0159,181.365,56.6881,-0.2895,33.3467,5.4672,0.0795,48.92,23.9754,-1.2505,732.3933,1.7574,20
5.8884,0.52,0.2855,-0.0173,181.0658,56.639,0.0417,34.3383,4.8435,-0.0021,44.0717,21.135,-1.7345,732.0783,1.9456,24
10.1036,0.5875,0.3256,-0.0019,189.2833,56.281,0.0712,35.1517,3.8042,-0.0315,39.5217,14.9234,-2.1949,731.79,1.9756,29
4.5412,0.86,0.9149,-0.005,191.1083,55.4925,-0.151,35.5967,3.0154,-0.0451,36.6708,9.2637,-0.306,732.2117,2.7698,28
4.3709,0.9383,0.9089,-0.0045,187.8467,54.4786,0.1367,35.5125,3.1798,-0.1472,36.6225,9.1554,-0.463,732.6958,3.488,34
4.2016,0.9558,0.906,0.0042,171.9292,50.0258,-0.2666,35.165,3.7098,0.0264,37.6092,10.7389,-0.1086,733.18,4.0239,34
3.6735,1.0192,0.8727,0.0283,156.6775,44.4716,-0.422,34.6708,4.2035,0.0959,38.9875,12.1176,0.0753,733.6892,4.4459,28
2.7692,1.0883,0.8264,0.0132,169.4125,41.3695,-0.4813,33.9433,4.6851,0.1269,41.0633,13.4984,0.1928,734.2558,4.7691,24
2.1746,1.1,0.8226,0.0168,168.0383,41.3522,-0.3823,33.0225,5.0553,0.0985,43.9583,14.9475,0.1712,734.8883,4.981,25
1.1556,1.1408,0.7992,0.0175,163.445,43.0055,-0.1873,31.9483,5.0638,0.044,47.4942,16.0997,0.0535,735.6108,5.0409,26
1.0954,1.1292,0.8016,0.0135,161.7033,44.0903,-0.0376,30.7458,4.8534,0.002,51.4308,16.562,-0.0551,736.4083,4.9135,22
1.1011,1.1275,0.8021,0.0094,164.5575,44.4607,0.1232,29.55,4.3252,-0.042,55.9683,16.5826,-0.1796,737.2858,4.5206,30
1.2349,1.1467,0.7936,0.0152,160.7292,45.2013,0.3123,28.4708,3.6589,-0.0909,60.8108,15.8527,-0.3455,738.27,3.893,28
1.4056,1.1867,0.7677,0.0139,161.0017,45.3788,0.467,27.5083,2.833,-0.1085,65.1758,14.0473,-0.5896,739.25,2.8321,21
1.2313,1.1667,0.7717,0.0087,158.1667,41.7729,0.32,27.0,2.0412,-0.0706,67.6667,11.65,0.04,740.25,0.7217,25
-27.3743,0.9417,0.1115,0.0016,155.3333,41.5518,0.1752,26.9167,1.8465,-0.0499,68.1667,10.7613,1.8571,740.5,0.7638,35
-18.6154,0.875,0.1164,0.0381,167.3333,63.8009,1.0862,27.325,2.6354,-0.2169,66.75,13.02,-1.0859,740.0833,1.7058,39
-22.3348,0.8583,0.1256,0.0463,181.02,65.2734,1.0714,27.9133,3.3981,-0.244,65.05,15.0884,-1.2049,739.5942,2.3714,40
-17.2409,0.8317,0.1462,0.0516,192.3283,60.0725,0.7815,28.5917,4.0897,-0.2039,63.2242,17.0316,-0.8545,739.0492,2.9066,37
-14.4071,0.8108,0.1526,0.0431,194.9392,62.2509,0.4821,29.5125,4.8085,-0.1387,60.6867,19.2923,-0.5117,738.4292,3.3908,40
-14.9422,0.8125,0.1537,0.0446,197.9267,61.405,0.3386,30.6608,5.4369,-0.104,57.2717,21.3859,-0.3416,737.7158,3.8541,42
-14.259,0.7942,0.1553,0.0442,210.7567,60.4868,0.2609,31.9533,5.9907,-0.0854,53.0025,23.0669,-0.258,736.9242,4.2581,50
-14.2137,0.7867,0.1521,0.0374,223.3617,56.9602,0.1146,33.37,6.1857,-0.052,48.4125,23.7043,-0.0684,736.0583,4.5882,47
-13.4855,0.7617,0.156,0.0355,228.58,56.1612,0.0825,34.7692,6.0312,-0.0441,43.3642,22.6542,-0.068,735.1383,4.8072,45
-9.8824,0.735,0.1575,0.0219,237.8758,47.8586,-0.1061,36.0217,5.4,0.009,38.1567,19.439,0.0876,734.1058,4.7677,51
-9.2867,0.78,0.2488,0.0297,235.7242,50.3864,-0.3732,37.0225,4.2564,0.1037,33.77,14.0043,0.3378,733.0917,4.479,57
-9.9359,0.7783,0.2481,0.0332,233.1175,53.0113,-0.4329,37.5917,3.3778,0.1658,31.0558,9.269,0.4443,732.0283,3.6816,60
-12.4612,0.7425,0.2445,0.0196,234.475,50.8508,-0.7947,37.7733,3.0623,0.3278,30.2892,7.8612,0.9239,731.0025,2.1613,59
-14.5069,0.7342,0.2541,-0.0318,220.0442,45.7238,-0.9921,37.6358,3.2636,0.402,30.6675,8.4095,0.5169,730.6075,1.7971,59
-15.9158,0.7258,0.2568,-0.0655,211.7683,46.142,-1.1638,37.3733,3.5723,0.4653,31.2992,9.2266,0.0792,730.3217,1.4541,63
-17.4211,0.7092,0.2717,-0.0741,206.3325,47.986,-1.2022,36.9417,3.9844,0.4666,32.4908,10.591,0.6003,730.0908,1.1188,62
-17.9237,0.6675,0.3128,-0.0676,202.115,45.1979,-1.2404,36.2908,4.3695,0.4697,34.3433,11.9469,3.3209,729.915,0.8506,54
-18.622,0.6083,0.3263,-0.0704,190.1033,61.2896,-1.2789,35.4092,4.6358,0.4566,37.12,13.4653,6.7145,729.81,0.7242,53
-17.1312,0.6092,0.3265,-0.0837,168.03,72.6742,-1.5382,34.3783,4.5389,0.5373,40.08,13.4499,9.1669,729.7917,0.7091,52
-9.0745,0.635,0.3526,-0.0796,147.07,74.6798,-1.6223,33.305,4.1125,0.554,42.9442,12.4762,9.3864,729.8558,0.7245,50
-8.7882,0.645,0.3532,-0.0784,126.6308,77.5966,-2.213,32.2617,3.3439,0.6857,45.7242,10.744,10.0119,729.9883,0.6932,50
-7.8962,0.6642,0.3554,-0.0842,107.4075,75.0295,-3.3227,31.3433,2.488,0.9416,48.3775,8.3478,12.2503,730.1858,0.6043,37
3.2076,0.5892,0.2679,-0.0809,96.4933,75.2119,-3.7674,30.6025,1.9574,1.0037,50.79,6.839,12.0987,730.405,0.5471,32
10.2996,0.5608,0.2533,-0.0712,88.3467,72.4062,-3.7371,30.1825,1.4902,0.9534,52.2833,5.3305,9.6072,730.6567,0.64,39
13.943,0.5983,0.2834,-0.0726,76.4725,71.476,-0.9843,30.1892,1.5037,0.159,52.1783,5.5441,7.5933,730.9233,0.8223,42
5.7959,0.575,0.3091,-0.0258,82.8775,81.2544,0.9392,30.4467,2.0129,-0.3181,51.4925,6.8109,6.4524,731.1667,1.0024,48
4.9926,0.565,0.3101,0.002,85.3083,84.0317,1.6563,30.8342,2.6149,-0.5452,50.4883,8.2553,6.4274,731.36,1.1115,45
3.2013,0.5875,0.3056,0.0267,90.1275,89.6729,1.5398,31.4492,3.3396,-0.5347,48.865,9.872,6.1599,731.5133,1.1352,48
-2.7116,0.6458,0.2824,0.0388,93.9825,95.534,0.992,32.22,3.978,-0.3732,46.8342,11.266,5.6392,731.615,1.0891,55
-10.639,0.6758,0.252,0.0219,115.5617,111.6592,0.5384,33.195,4.5158,-0.2019,43.8883,12.1942,4.7343,731.6383,1.0607,60
-10.1078,0.71,0.2781,0.0142,137.3475,114.8031,0.3598,34.03,4.6141,-0.1265,41.3358,12.5322,3.9601,731.5758,1.1567,61
-7.9443,0.7317,0.3166,0.0036,157.935,114.9149,0.124,34.76,4.4703,-0.0332,39.1975,12.3269,3.3128,731.4808,1.2901,49
-5.2134,0.6967,0.3385,-0.0097,173.4033,105.143,-0.1687,35.2917,4.1539,0.0938,37.1508,11.7618,2.8444,731.36,1.4318,45
-10.4712,0.745,0.3889,-0.0156,185.7058,93.5168,-0.2025,35.7017,3.7354,0.2245,35.3233,10.5931,3.6948,731.215,1.5464,47
-7.5159,0.7442,0.3893,0.0064,192.0583,85.3067,0.4028,36.1483,3.0619,0.3414,33.1258,7.7402,4.5047,731.0442,1.6213,52
-4.8507,0.7408,0.3912,0.0021,212.9425,83.2662,1.7361,36.4092,2.6089,0.1398,31.4808,4.4553,4.6595,730.8583,1.599,58
-6.7648,0.7208,0.3825,0.0435,213.9283,80.9766,2.2553,36.3092,2.7471,-0.5134,31.3817,4.2616,4.7407,730.6817,1.4772,59
-4.0293,0.7658,0.3383,0.029,195.61,97.4051,1.9564,35.9958,3.0387,-0.6101,31.7325,4.7931,4.8993,730.5192,1.2887,60
-0.1913,0.7608,0.3429,0.0252,179.76,111.044,1.5823,35.485,3.3952,-0.5524,32.5808,5.9125,3.7338,730.4058,1.1114,63
0.2965,0.73,0.3673,0.0212,185.1258,114.2851,1.0049,34.7517,3.6409,-0.2496,34.1283,7.4919,2.0273,730.3267,0.9837,51
-1.8657,0.6958,0.3736,0.0165,176.8617,112.4333,0.3342,33.775,3.807,0.0871,36.66,9.8832,1.9891,730.2933,0.9436,45
-4.3408,0.6717,0.3899,0.0069,161.2575,105.4173,-0.5242,32.6108,3.5794,0.3416,39.9392,11.5267,2.3612,730.3125,0.9491,47
-8.9139,0.6017,0.3821,-0.0116,140.11,106.2284,-1.4528,31.5883,3.3044,0.5108,43.1342,12.406,2.9062,730.3792,0.9195,48
-15.4626,0.5492,0.3075,-0.017,119.0658,103.0228,-2.1104,30.6817,2.9245,0.5545,45.7217,12.349,3.6871,730.4608,0.856,41
-15.0586,0.5575,0.302,-0.0197,114.0533,100.942,-2.4759,29.8917,2.751,0.5777,48.6275,12.2261,5.4188,730.5592,0.7559,39
-20.5969,0.4675,0.1745,-0.0159,108.6733,100.0933,-2.0039,29.1708,2.7316,0.4483,51.8258,12.5828,4.6657,730.6775,0.6428,40
-15.9615,0.4342,0.1962,-0.0161,105.6725,100.5043,-1.4478,28.4975,2.578,0.3256,54.9508,12.1537,0.8499,730.8325,0.5335,63
-16.2131,0.4017,0.2141,0.0006,81.6433,78.5683,-1.1625,28.0725,2.2076,0.2864,57.205,10.5784,0.56,731.0017,0.5726,42
-14.5069,0.3608,0.1824,-0.0089,84.3892,77.232,-0.1034,28.0075,2.098,0.1205,57.8667,9.6483,1.6804,731.1433,0.695,51
-9.438,0.3492,0.1667,0.0048,109.1983,96.3628,0.7179,28.1817,2.4454,-0.0668,57.845,9.6875,2.5819,731.26,0.8081,65
-4.5284,0.3525,0.1685,0.0063,130.4592,98.6816,1.1096,28.635,3.2061,-0.2705,57.0375,11.0851,3.7453,731.31,0.8488,69
-7.8451,0.38,0.1809,0.0153,123.8792,90.6144,0.567,29.2775,3.9978,-0.1697,55.5183,13.0854,3.832,731.3108,0.8491,43
-8.9528,0.3783,0.1804,0.0024,132.0333,97.3622,0.0853,30.1942,4.7394,-0.0351,52.9267,15.1048,4.2586,731.2717,0.8608,24
-9.6931,0.4292,0.2258,-0.0038,144.0,104.2697,-0.0518,31.3408,5.4258,0.0031,49.6125,16.7317,4.7519,731.195,0.946,24
-8.3543,0.455,0.2227,0.0015,163.3658,100.9196,-0.048,32.5908,5.9582,-0.0004,45.9617,17.9308,4.4036,731.0675,1.1376,30
-9.5831,0.435,0.2054,-0.0103,182.8825,93.54,-0.2855,33.8692,6.2595,0.0749,42.4467,18.9995,4.1653,730.8892,1.3951,32
-14.2439,0.4583,0.2157,-0.0124,186.4558,92.2162,-0.6016,35.1675,6.1426,0.1742,38.49,19.0241,3.9447,730.655,1.6837,34
-10.1141,0.4508,0.2222,-0.0253,201.8842,91.0951,-0.989,36.4842,5.5466,0.3073,33.9358,17.198,3.8,730.3742,1.9234,36
-15.324,0.4608,0.2099,-0.0373,205.9542,86.3203,-1.4673,37.4842,4.4267,0.4403,30.055,13.3457,2.6235,730.0567,2.059,38
-14.7722,0.4967,0.1818,-0.0231,215.4017,71.6338,-1.6306,38.0275,3.5131,0.6474,27.42,9.3768,2.6786,729.7158,2.0376,40
-9.1848,0.53,0.1774,-0.0003,223.5783,57.8908,-1.4936,38.2108,3.1996,0.7443,26.1867,7.4595,2.4907,729.4067,1.8709,41
6.5263,0.5692,0.2181,-0.0545,211.2383,53.196,-1.678,38.19,3.2297,0.8927,25.7175,6.6978,2.2981,729.1358,1.6003,39
7.3744,0.8175,0.8196,-0.1002,203.5183,52.5636,-1.898,37.8825,3.5914,0.9376,26.3233,7.7256,2.6084,729.0117,1.3982,40
3.7022,1.0175,1.0143,-0.0887,200.1967,53.6926,-1.2099,37.33,4.1176,0.448,27.7683,9.8433,2.0448,728.9733,1.3317,38
4.2034,1.0442,1.0023,-0.1061,197.2758,51.5614,-0.3877,36.68,4.4419,0.0609,29.2933,11.056,-0.2863,729.015,1.3945,37
5.2935,0.9983,1.0207,-0.0929,187.9008,47.949,0.215,35.7608,4.6532,-0.223,31.8142,12.7781,-1.9696,729.1267,1.5001,36
6.0868,0.9733,1.0345,-0.084,178.3758,45.536,0.5247,34.6442,4.6562,-0.3203,35.0425,14.2432,-2.568,729.2883,1.5596,34
6.481,0.9558,1.0439,-0.1083,173.3808,39.9736,1.0185,33.4175,4.399,-0.4173,38.8675,15.1528,-3.2033,729.4908,1.5473,39
6.6728,0.9275,1.0556,-0.0712,168.8342,42.9018,1.7679,32.1858,3.9386,-0.5359,42.9308,15.1771,-4.4079,729.7583,1.4491,36
6.9068,0.9392,1.0484,-0.0138,147.9642,44.5902,3.2125,30.9667,3.19,-0.702,47.2642,14.3108,-6.4763,730.0667,1.2742,32
8.2896,0.95,1.0419,0.014,139.16,57.0802,2.8951,30.0692,2.7365,-0.5697,51.0242,13.579,-5.46,730.3908,1.0438,41
8.3213,0.945,1.044,0.0112,128.2042,66.7795,3.6222,29.6408,2.4183,-0.6926,53.5417,12.184,-8.1612,730.725,0.8366,47
8.4322,0.9317,1.0482,0.0056,142.9883,88.2897,3.4862,29.5267,2.2616,-0.7514,54.9483,10.5352,-6.4146,731.045,0.7542,46
8.1778,0.8933,1.0538,-0.0012,138.7667,88.3713,1.6465,29.6033,2.4034,-0.4209,55.5133,9.5678,0.7558,731.3283,0.713,47
3.6011,0.6833,0.7252,-0.0131,132.755,88.8084,0.5642,29.9392,2.9577,-0.0771,54.8767,10.6465,4.2349,731.4733,0.76,45
7.3449,0.4842,0.1883,-0.0129,135.9292,90.5278,0.5009,30.5067,3.6143,-0.0708,53.3958,12.4935,4.8427,731.535,0.7597,37
15.309,0.4833,0.1872,-0.0024,133.08,88.3614,0.4332,31.1425,4.2543,-0.1023,51.8492,14.3287,4.1959,731.5083,0.773,37
10.596,0.51,0.1877,0.0004,134.0933,88.682,0.2392,32.0125,4.8832,-0.0639,49.2833,16.359,2.8061,731.4117,0.8817,36
5.935,0.5442,0.178,-0.0006,137.0342,89.3398,0.043,33.0792,5.3709,-0.0115,45.9808,17.9964,1.9485,731.2567,1.1179,38
1.8581,0.6475,0.3141,0.0032,134.1967,88.0319,-0.0139,34.2158,5.5361,0.0041,42.2233,18.6621,0.8448,731.0483,1.4277,37
-0.5658,0.8,0.5106,0.0019,137.9908,88.196,-0.1306,35.3317,5.3079,0.0368,38.5742,18.0505,0.7116,730.7808,1.7385,33
-2.0981,0.9183,0.5573,-0.0015,149.0142,82.0147,-0.2973,36.3667,4.6446,0.0858,34.975,15.9818,0.9604,730.4858,1.9638,34
-1.4218,1.0217,0.5628,-0.0014,159.8867,72.0508,-0.4708,37.2092,3.6019,0.1303,31.6575,12.2798,0.7069,730.2033,2.0606,35
-0.4663,1.0942,0.5441,0.0001,170.6417,57.5042,-0.8261,37.725,2.7637,0.2007,29.2467,8.7671,0.3819,729.9192,2.0309,43
1.2664,1.1975,0.5449,-0.0558,154.9242,28.1289,-1.239,37.9617,2.3657,0.3275,27.8758,6.5086,0.2112,729.6492,1.8651,51
3.0485,1.3375,0.5706,-0.04,160.7433,26.1835,-1.2474,37.5958,3.1174,0.3316,29.2542,10.0284,0.5904,729.4925,1.6637,55
3.6763,1.4075,0.5666,-0.1005,163.0183,20.8666,-0.8476,36.7367,4.4966,0.1539,33.9225,19.6708,1.0368,729.38,1.4927,49
3.9693,1.4167,0.5546,-0.0449,169.7492,38.1835,-0.5773,35.945,5.1006,0.096,37.6458,22.723,1.0462,729.35,1.4452,39
3.9906,1.4192,0.5516,-0.0289,181.6983,58.336,-0.4244,35.0733,5.4539,0.0667,41.3433,24.3141,0.8984,729.4,1.5097,39
3.9355,1.4125,0.5611,-0.0096,169.3792,73.6078,-0.2705,33.9942,5.6309,0.0335,45.98,25.6483,0.6653,729.5017,1.5826,37
3.1321,1.4092,0.5655,-0.0103,184.12,88.9866,-0.1232,32.81,5.4637,0.0043,50.9258,25.7487,0.4161,729.6775,1.6205,32
3.0741,1.3,0.6499,-0.0047,173.1392,98.9259,-0.0559,31.5625,5.0881,-0.0127,56.56,25.39,0.2587,729.9275,1.5747,25
5.0965,1.1525,0.6364,-0.0016,169.0733,100.2662,0.2156,30.3433,4.5593,-0.0645,62.8192,25.2529,-0.4362,730.2492,1.4272,25
6.8118,1.02,0.6572,-0.0007,167.3275,100.5575,0.8028,29.2125,3.9458,-0.1423,68.8267,24.0795,-2.3782,730.5917,1.1874,27
7.2641,0.9167,0.6522,-0.0012,170.7767,100.5826,1.1507,28.2758,3.3345,-0.1791,74.6483,22.1588,-3.9146,730.9358,0.9494,31
6.0425,0.8317,0.6566,0.0029,179.1625,102.0333,1.2039,27.6317,2.553,-0.1724,79.0925,17.9765,-2.2604,731.2858,0.77,45
4.0984,0.7042,0.6088,0.0104,187.205,103.0975,2.377,27.3333,1.7692,-0.2857,81.5525,12.7496,3.2338,731.6167,0.7229,49
3.7532,0.5767,0.4068,0.009,186.3217,103.1693,2.3026,27.675,2.4904,-0.3527,80.635,14.6671,6.0693,731.8375,0.8616,49
7.2618,0.5467,0.3231,0.0109,190.8283,101.3632,1.9501,28.4892,3.2563,-0.3125,76.0417,18.9393,6.8136,732.0175,0.9246,50
5.4077,0.585,0.3669,0.0149,181.8042,97.5275,1.2064,29.2467,4.0085,-0.2064,72.3208,22.694,6.2584,732.135,0.9421,51
5.2548,0.5967,0.3744,0.0239,171.9125,87.6336,0.7812,30.125,4.755,-0.1469,68.51,26.0525,6.2636,732.1767,0.9276,51
4.6414,0.615,0.3785,0.0204,186.7567,74.7577,0.4586,31.2025,5.3824,-0.0983,63.8408,28.6996,5.8759,732.1508,0.959,53
